{
	"credit": "Made with Blockbench",
	"textures": {
		"0": "block/iron_block",
		"2": "block/planks_big_oak",
		"particle": "block/iron_block"
	},
	"elements": [
		{
			"from": [-16, 1.5, 11],
			"to": [25, 2.5, 12],
			"rotation": {"angle": 45, "axis": "z", "origin": [9, 0, 11]},
			"faces": {
				"north": {"uv": [0, 0, 1, 16], "rotation": 90, "texture": "#2"},
				"east": {"uv": [0, 0, 1, 1], "rotation": 270, "texture": "#2"},
				"south": {"uv": [0, 0, 1, 16], "rotation": 90, "texture": "#2"},
				"west": {"uv": [0, 0, 1, 1], "rotation": 90, "texture": "#2"},
				"up": {"uv": [0, 0, 16, 1], "rotation": 180, "texture": "#2"},
				"down": {"uv": [0, 0, 16, 1], "texture": "#2"}
			}
		},
		{
			"from": [14.75, 20, 11.5],
			"to": [15.25, 25, 11.75],
			"rotation": {"angle": -22.5, "axis": "z", "origin": [0, 0, 0]},
			"faces": {
				"north": {"uv": [0, 0, 5, 0.5], "rotation": 90, "texture": "#0"},
				"east": {"uv": [0, 0, 5, 0.25], "rotation": 270, "texture": "#0"},
				"south": {"uv": [0, 0, 5, 0.5], "rotation": 270, "texture": "#0"},
				"west": {"uv": [0, 0, 5, 0.25], "rotation": 270, "texture": "#0"},
				"up": {"uv": [0, 0, 0.25, 0.5], "rotation": 270, "texture": "#0"},
				"down": {"uv": [0, 0, 0.25, 0.5], "rotation": 270, "texture": "#0"}
			}
		},
		{
			"from": [3.5, 26.5, 11.5],
			"to": [5, 27.5, 11.75],
			"rotation": {"angle": -45, "axis": "z", "origin": [0, 0, 0]},
			"faces": {
				"north": {"uv": [0, 0, 1, 1.5], "rotation": 90, "texture": "#0"},
				"east": {"uv": [0, 0, 1, 0.25], "rotation": 270, "texture": "#0"},
				"south": {"uv": [0, 0, 1, 1.5], "rotation": 270, "texture": "#0"},
				"west": {"uv": [0, 0, 1, 0.25], "rotation": 270, "texture": "#0"},
				"up": {"uv": [0, 0, 0.25, 1.5], "rotation": 270, "texture": "#0"},
				"down": {"uv": [0, 0, 0.25, 1.5], "rotation": 270, "texture": "#0"}
			}
		},
		{
			"from": [3.25, 25.5, 11.5],
			"to": [5.25, 26.5, 11.75],
			"rotation": {"angle": -45, "axis": "z", "origin": [0, 0, 0]},
			"faces": {
				"north": {"uv": [0, 0, 1, 2], "rotation": 90, "texture": "#0"},
				"east": {"uv": [0, 0, 1, 0.25], "rotation": 270, "texture": "#0"},
				"south": {"uv": [0, 0, 1, 2], "rotation": 270, "texture": "#0"},
				"west": {"uv": [0, 0, 1, 0.25], "rotation": 270, "texture": "#0"},
				"up": {"uv": [0, 0, 0.25, 2], "rotation": 270, "texture": "#0"},
				"down": {"uv": [0, 0, 0.25, 2], "rotation": 270, "texture": "#0"}
			}
		},
		{
			"from": [2.75, 24.5, 11.5],
			"to": [5.75, 25.5, 11.75],
			"rotation": {"angle": -45, "axis": "z", "origin": [0, 0, 0]},
			"faces": {
				"north": {"uv": [0, 0, 1, 3], "rotation": 90, "texture": "#0"},
				"east": {"uv": [0, 0, 1, 0.25], "rotation": 270, "texture": "#0"},
				"south": {"uv": [0, 0, 1, 3], "rotation": 270, "texture": "#0"},
				"west": {"uv": [0, 0, 1, 0.25], "rotation": 270, "texture": "#0"},
				"up": {"uv": [0, 0, 0.25, 3], "rotation": 270, "texture": "#0"},
				"down": {"uv": [0, 0, 0.25, 3], "rotation": 270, "texture": "#0"}
			}
		},
		{
			"from": [4, 23, 11],
			"to": [4.5, 26, 12],
			"rotation": {"angle": -45, "axis": "z", "origin": [0, 0, 0]},
			"faces": {
				"north": {"uv": [0, 0, 3, 0.5], "rotation": 90, "texture": "#0"},
				"east": {"uv": [0, 0, 3, 1], "rotation": 270, "texture": "#0"},
				"south": {"uv": [0, 0, 3, 0.5], "rotation": 270, "texture": "#0"},
				"west": {"uv": [0, 0, 3, 1], "rotation": 270, "texture": "#0"},
				"up": {"uv": [0, 0, 1, 0.5], "rotation": 270, "texture": "#0"},
				"down": {"uv": [0, 0, 1, 0.5], "rotation": 270, "texture": "#0"}
			}
		},
		{
			"from": [3.5, 22, 10.75],
			"to": [5, 24, 12.25],
			"rotation": {"angle": -45, "axis": "z", "origin": [0, 0, 0]},
			"faces": {
				"north": {"uv": [0, 0, 2, 1.5], "rotation": 90, "texture": "#0"},
				"east": {"uv": [0, 0, 2, 1.5], "rotation": 270, "texture": "#0"},
				"south": {"uv": [0, 0, 2, 1.5], "rotation": 270, "texture": "#0"},
				"west": {"uv": [0, 0, 2, 1.5], "rotation": 270, "texture": "#0"},
				"up": {"uv": [0, 0, 1.5, 1.5], "rotation": 270, "texture": "#0"},
				"down": {"uv": [0, 0, 1.5, 1.5], "rotation": 270, "texture": "#0"}
			}
		},
		{
			"from": [23, 6.75, 11.5],
			"to": [28, 7.25, 11.75],
			"rotation": {"angle": 22.5, "axis": "z", "origin": [0, 0, 0]},
			"faces": {
				"north": {"uv": [0, 0, 5, 0.5], "texture": "#0"},
				"east": {"uv": [0, 0, 0.25, 0.5], "texture": "#0"},
				"south": {"uv": [0, 0, 5, 0.5], "texture": "#0"},
				"west": {"uv": [0, 0, 0.25, 0.5], "texture": "#0"},
				"up": {"uv": [0, 0, 5, 0.25], "texture": "#0"},
				"down": {"uv": [0, 0, 5, 0.25], "texture": "#0"}
			}
		}
	],
	"display": {
		"thirdperson_righthand": {
			"rotation": [-19.25, -89.75, 20.5],
			"translation": [4, 20.75, -2.25]
		},
		"thirdperson_lefthand": {
			"rotation": [-6.5, -89.5, 305],
			"translation": [3.25, 19, 5.5]
		},
		"head": {
			"rotation": [88.25, -88.75, 77],
			"translation": [11.5, -19.75, -13.5]
		}
	},
	"groups": [
		{
			"name": "whole",
			"origin": [8, 8, 8],
			"color": 0,
			"children": [0,
				{
					"name": "group",
					"origin": [0, 0, 0],
					"color": 0,
					"children": [1, 2, 3, 4, 5, 6, 7]
				}
			]
		}
	]
}