{
	"credit": "Made with Blockbench",
	"textures": {
		"0": "block/iron_block",
		"2": "block/planks_big_oak"
	},
	"elements": [
		{
			"from": [-16, 1.5, 11],
			"to": [25, 2.5, 12],
			"rotation": {"angle": 45, "axis": "z", "origin": [9, 0, 11]},
			"faces": {
				"north": {"uv": [0, 0, 1, 16], "rotation": 90, "texture": "#2"},
				"east": {"uv": [0, 0, 1, 1], "rotation": 270, "texture": "#2"},
				"south": {"uv": [0, 0, 1, 16], "rotation": 90, "texture": "#2"},
				"west": {"uv": [0, 0, 1, 1], "rotation": 90, "texture": "#2"},
				"up": {"uv": [0, 0, 16, 1], "rotation": 180, "texture": "#2"},
				"down": {"uv": [0, 0, 16, 1], "texture": "#2"}
			}
		},
		{
			"from": [4, 23, 11],
			"to": [4.5, 30, 12],
			"rotation": {"angle": -45, "axis": "z", "origin": [0, 0, 0]},
			"faces": {
				"north": {"uv": [0, 0, 3, 0.5], "rotation": 90, "texture": "#0"},
				"east": {"uv": [0, 0, 3, 1], "rotation": 270, "texture": "#0"},
				"south": {"uv": [0, 0, 3, 0.5], "rotation": 270, "texture": "#0"},
				"west": {"uv": [0, 0, 3, 1], "rotation": 270, "texture": "#0"},
				"up": {"uv": [0, 0, 1, 0.5], "rotation": 270, "texture": "#0"},
				"down": {"uv": [0, 0, 1, 0.5], "rotation": 270, "texture": "#0"}
			}
		},
		{
			"from": [3.5, 22, 10.75],
			"to": [5, 24, 12.25],
			"rotation": {"angle": -45, "axis": "z", "origin": [0, 0, 0]},
			"faces": {
				"north": {"uv": [0, 0, 2, 1.5], "rotation": 90, "texture": "#0"},
				"east": {"uv": [0, 0, 2, 1.5], "rotation": 270, "texture": "#0"},
				"south": {"uv": [0, 0, 2, 1.5], "rotation": 270, "texture": "#0"},
				"west": {"uv": [0, 0, 2, 1.5], "rotation": 270, "texture": "#0"},
				"up": {"uv": [0, 0, 1.5, 1.5], "rotation": 270, "texture": "#0"},
				"down": {"uv": [0, 0, 1.5, 1.5], "rotation": 270, "texture": "#0"}
			}
		}
	],
	"display": {
		"thirdperson_righthand": {
			"rotation": [-19.25, -89.75, 20.5],
			"translation": [4, 17.5, -12],
			"scale": [0.31836, 1.84766, 1]
		},
		"thirdperson_lefthand": {
			"rotation": [-6.5, -89.5, 316.25],
			"translation": [14.25, 23, 17.25],
			"scale": [4, 4, 4]
		},
		"head": {
			"rotation": [88.25, -88.75, 77],
			"translation": [11.5, -19.75, -13.5]
		}
	},
	"groups": [
		{
			"name": "whole",
			"origin": [8, 8, 8],
			"color": 0,
			"children": []
		},
		{
			"name": "whole",
			"origin": [8, 8, 8],
			"color": 0,
			"children": [0,
				{
					"name": "group",
					"origin": [0, 0, 0],
					"color": 0,
					"children": [1, 2]
				}
			]
		}
	]
}