{
	"credit": "Made with Blockbench",
	"textures": {
		"0": "block/iron_block",
		"1": "block/planks_oak",
		"particle": "block/iron_block"
	},
	"elements": [
		{
			"from": [-8, 7.25, 10.5],
			"to": [9, 8, 11.5],
			"rotation": {"angle": -45, "axis": "z", "origin": [9, 0, 11]},
			"faces": {
				"north": {"uv": [0, 0, 0.75, 16], "rotation": 90, "texture": "#0"},
				"east": {"uv": [0, 0, 0.75, 1], "rotation": 270, "texture": "#0"},
				"south": {"uv": [0, 0, 0.75, 16], "rotation": 90, "texture": "#0"},
				"west": {"uv": [0, 0, 0.75, 1], "rotation": 90, "texture": "#0"},
				"up": {"uv": [0, 0, 16, 1], "rotation": 180, "texture": "#0"},
				"down": {"uv": [0, 0, 16, 1], "texture": "#0"}
			}
		},
		{
			"from": [13, 4, 10],
			"to": [16, 6.5, 12],
			"rotation": {"angle": -45, "axis": "z", "origin": [9, 0, 11]},
			"faces": {
				"north": {"uv": [0, 0, 2.5, 3], "rotation": 90, "texture": "#1"},
				"east": {"uv": [0, 0, 2.5, 2], "rotation": 270, "texture": "#1"},
				"south": {"uv": [0, 0, 2.5, 3], "rotation": 90, "texture": "#1"},
				"west": {"uv": [0, 0, 2.5, 2], "rotation": 90, "texture": "#1"},
				"up": {"uv": [0, 0, 3, 2], "rotation": 180, "texture": "#1"},
				"down": {"uv": [0, 0, 3, 2], "texture": "#1"}
			}
		},
		{
			"from": [6, 6, 10],
			"to": [13, 7, 12],
			"rotation": {"angle": -45, "axis": "z", "origin": [9, 0, 11]},
			"faces": {
				"north": {"uv": [0, 0, 1, 7], "rotation": 90, "texture": "#1"},
				"east": {"uv": [0, 0, 1, 2], "rotation": 270, "texture": "#1"},
				"south": {"uv": [0, 0, 1, 7], "rotation": 90, "texture": "#1"},
				"west": {"uv": [0, 0, 1, 2], "rotation": 90, "texture": "#1"},
				"up": {"uv": [0, 0, 7, 2], "rotation": 180, "texture": "#1"},
				"down": {"uv": [0, 0, 7, 2], "texture": "#1"}
			}
		},
		{
			"from": [11.5, 5.5, 10],
			"to": [12.5, 6, 12],
			"rotation": {"angle": -45, "axis": "z", "origin": [9, 0, 11]},
			"faces": {
				"north": {"uv": [0, 0, 0.5, 1], "rotation": 90, "texture": "#1"},
				"east": {"uv": [0, 0, 0.5, 2], "rotation": 270, "texture": "#1"},
				"south": {"uv": [0, 0, 0.5, 1], "rotation": 90, "texture": "#1"},
				"west": {"uv": [0, 0, 0.5, 2], "rotation": 90, "texture": "#1"},
				"up": {"uv": [0, 0, 1, 2], "rotation": 180, "texture": "#1"},
				"down": {"uv": [0, 0, 1, 2], "texture": "#1"}
			}
		},
		{
			"from": [11, 5, 10.25],
			"to": [13, 6, 11.75],
			"rotation": {"angle": -45, "axis": "z", "origin": [9, 0, 11]},
			"faces": {
				"north": {"uv": [0, 0, 1, 2], "rotation": 90, "texture": "#0"},
				"east": {"uv": [0, 0, 1, 1.5], "rotation": 270, "texture": "#0"},
				"south": {"uv": [0, 0, 1, 2], "rotation": 90, "texture": "#0"},
				"west": {"uv": [0, 0, 1, 1.5], "rotation": 90, "texture": "#0"},
				"up": {"uv": [0, 0, 2, 1.5], "rotation": 180, "texture": "#0"},
				"down": {"uv": [0, 0, 2, 1.5], "texture": "#0"}
			}
		},
		{
			"from": [-6, 7, 10],
			"to": [9, 7.5, 12],
			"rotation": {"angle": -45, "axis": "z", "origin": [9, 0, 11]},
			"faces": {
				"north": {"uv": [0, 0, 0.5, 15], "rotation": 90, "texture": "#1"},
				"east": {"uv": [0, 0, 0.5, 2], "rotation": 270, "texture": "#1"},
				"south": {"uv": [0, 0, 0.5, 15], "rotation": 90, "texture": "#1"},
				"west": {"uv": [0, 0, 0.5, 2], "rotation": 90, "texture": "#1"},
				"up": {"uv": [0, 0, 15, 2], "rotation": 180, "texture": "#1"},
				"down": {"uv": [0, 0, 15, 2], "texture": "#1"}
			}
		},
		{
			"from": [-10.5, 6.55, 10.5],
			"to": [-3, 6.8, 11.6],
			"rotation": {"angle": -45, "axis": "z", "origin": [9, 0, 11]},
			"faces": {
				"north": {"uv": [0, 0, 0.25, 7.5], "rotation": 90, "texture": "#0"},
				"east": {"uv": [0, 0, 0.25, 1.1], "rotation": 270, "texture": "#0"},
				"south": {"uv": [0, 0, 0.25, 7.5], "rotation": 90, "texture": "#0"},
				"west": {"uv": [0, 0, 0.25, 1.1], "rotation": 90, "texture": "#0"},
				"up": {"uv": [0, 0, 7.5, 1.1], "rotation": 180, "texture": "#0"},
				"down": {"uv": [0, 0, 7.5, 1.1], "texture": "#0"}
			}
		},
		{
			"from": [-11, 6.75, 10.5],
			"to": [-3, 7, 11.6],
			"rotation": {"angle": -45, "axis": "z", "origin": [9, 0, 11]},
			"faces": {
				"north": {"uv": [0, 0, 0.25, 8], "rotation": 90, "texture": "#0"},
				"east": {"uv": [0, 0, 0.25, 1.1], "rotation": 270, "texture": "#0"},
				"south": {"uv": [0, 0, 0.25, 8], "rotation": 90, "texture": "#0"},
				"west": {"uv": [0, 0, 0.25, 1.1], "rotation": 90, "texture": "#0"},
				"up": {"uv": [0, 0, 8, 1.1], "rotation": 180, "texture": "#0"},
				"down": {"uv": [0, 0, 8, 1.1], "texture": "#0"}
			}
		},
		{
			"from": [-4, 6.5, 10],
			"to": [-3, 9, 12],
			"rotation": {"angle": -45, "axis": "z", "origin": [9, 0, 11]},
			"faces": {
				"north": {"uv": [0, 0, 2.5, 1], "rotation": 90, "texture": "#0"},
				"east": {"uv": [0, 0, 2.5, 2], "rotation": 270, "texture": "#0"},
				"south": {"uv": [0, 0, 2.5, 1], "rotation": 90, "texture": "#0"},
				"west": {"uv": [0, 0, 2.5, 2], "rotation": 90, "texture": "#0"},
				"up": {"uv": [0, 0, 1, 2], "rotation": 180, "texture": "#0"},
				"down": {"uv": [0, 0, 1, 2], "texture": "#0"}
			}
		}
	],
	"display": {
		"thirdperson_righthand": {
			"rotation": [-42.5, -90.25, 26],
			"translation": [3, -3, -2.75]
		},
		"thirdperson_lefthand": {
			"rotation": [96.5, 172.5, 305],
			"translation": [-4.75, -1, 3]
		},
		"head": {
			"rotation": [88.25, -88.75, 77],
			"translation": [11.5, -19.75, -13.5]
		}
	},
	"groups": [
		{
			"name": "whole",
			"origin": [8, 8, 8],
			"color": 0,
			"children": [0, 1, 2, 3, 4, 5,
				{
					"name": "knif",
					"origin": [8, 8, 8],
					"color": 0,
					"children": [6, 7, 8]
				}
			]
		}
	]
}