{
    "credit": "Made with Blockbench", 
    "textures": {
        "main": "block/cannon"
    }, 
    "elements": [
        {
            "from": [ 0, 5, 0 ], 
            "to":   [ 16, 8, 4 ], 
            "rotation": { "angle": 0, "axis": "y", "origin": [8, 1, 8] }, 
            "faces": {
                "north": { "uv": [ 0, 0, 4, 0.75 ], "texture": "#main" }, 
                "east":  { "uv": [ 0, 0, 1, 0.75 ], "texture": "#main" }, 
                "south": { "uv": [ 0, 0, 4, 0.75 ], "texture": "#main" }, 
                "west":  { "uv": [ 0, 0, 1, 0.75 ], "texture": "#main" }, 
                "up":    { "uv": [ 0, 0, 4, 1 ], "texture": "#main" }, 
                "down":  { "uv": [ 0, 0, 4, 1 ], "texture": "#main" }
            }
        }, 
        {
            "from": [ 0, 5, 12 ], 
            "to":   [ 16, 8, 16 ], 
            "rotation": { "angle": 0, "axis": "y", "origin": [8, 1, 8] }, 
            "faces": {
                "north": { "uv": [ 0, 0, 4, 0.75 ], "texture": "#main" }, 
                "east":  { "uv": [ 0, 0, 1, 0.75 ], "texture": "#main" }, 
                "south": { "uv": [ 0, 0, 4, 0.75 ], "texture": "#main" }, 
                "west":  { "uv": [ 0, 0, 1, 0.75 ], "texture": "#main" }, 
                "up":    { "uv": [ 0, 0, 4, 1 ], "texture": "#main" }, 
                "down":  { "uv": [ 0, 0, 4, 1 ], "texture": "#main" }
            }
        }, 
        {
            "from": [ 0, 1, 0 ], 
            "to":   [ 16, 5, 16 ], 
            "rotation": { "angle": 0, "axis": "y", "origin": [8, 1, 8] }, 
            "faces": {
                "north": { "uv": [ 0, 0, 4, 1 ], "texture": "#main" }, 
                "east":  { "uv": [ 0, 0, 4, 1 ], "texture": "#main" }, 
                "south": { "uv": [ 0, 0, 4, 1 ], "texture": "#main" }, 
                "west":  { "uv": [ 0, 0, 4, 1 ], "texture": "#main" }, 
                "up":    { "uv": [ 0, 0, 4, 4 ], "texture": "#main" }, 
                "down":  { "uv": [ 0, 0, 4, 4 ], "texture": "#main" }
            }
        }, 
        {
            "from": [ 4, -1, 0 ], 
            "to":   [ 13, 1, 16 ], 
            "rotation": { "angle": 0, "axis": "y", "origin": [0, -7, 0] }, 
            "faces": {
                "north": { "uv": [ 0, 0, 2.25, 0.5 ], "texture": "#main" }, 
                "east":  { "uv": [ 0, 0, 4, 0.5 ], "texture": "#main" }, 
                "south": { "uv": [ 0, 0, 2.25, 0.5 ], "texture": "#main" }, 
                "west":  { "uv": [ 0, 0, 4, 0.5 ], "texture": "#main" }, 
                "up":    { "uv": [ 0, 0, 2.25, 4 ], "texture": "#main" }, 
                "down":  { "uv": [ 0, 0, 2.25, 4 ], "texture": "#main" }
            }
        }, 
        {
            "from": [ 8, 0, -3 ], 
            "to":   [ 9, 1, 19 ], 
            "rotation": { "angle": 0, "axis": "y", "origin": [0, -7, 0] }, 
            "faces": {
                "north": { "uv": [ 0, 0, 0.25, 0.25 ], "texture": "#main" }, 
                "east":  { "uv": [ 0, 0, 4, 0.25 ], "texture": "#main" }, 
                "south": { "uv": [ 0, 0, 0.25, 0.25 ], "texture": "#main" }, 
                "west":  { "uv": [ 0, 0, 4, 0.25 ], "texture": "#main" }, 
                "up":    { "uv": [ 0, 0, 0.25, 4 ], "texture": "#main" }, 
                "down":  { "uv": [ 0, 0, 0.25, 4 ], "texture": "#main" }
            }
        }, 
        {
            "from": [ -2, 0, 4 ], 
            "to":   [ 4, 3, 12 ], 
            "rotation": { "angle": 22.5, "axis": "z", "origin": [0, -7, 0] }, 
            "faces": {
                "north": { "uv": [ 0, 0, 1.5, 0.75 ], "texture": "#main" }, 
                "east":  { "uv": [ 0, 0, 2, 0.75 ], "texture": "#main" }, 
                "south": { "uv": [ 0, 0, 1.5, 0.75 ], "texture": "#main" }, 
                "west":  { "uv": [ 0, 0, 2, 0.75 ], "texture": "#main" }, 
                "up":    { "uv": [ 0, 0, 2, 1.5 ], "rotation":270, "texture": "#main" }, 
                "down":  { "uv": [ 0, 0, 2, 1.5 ], "rotation":90, "texture": "#main" }
            }
        }, 
        {
            "from": [ -16, 1, 6 ], 
            "to":   [ -2, 3, 10 ], 
            "rotation": { "angle": 22.5, "axis": "z", "origin": [0, -7, 0] }, 
            "faces": {
                "north": { "uv": [ 0, 0, 3.5, 0.5 ], "texture": "#main" }, 
                "east":  { "uv": [ 0, 0, 1, 0.5 ], "texture": "#main" }, 
                "south": { "uv": [ 0, 0, 3.5, 0.5 ], "texture": "#main" }, 
                "west":  { "uv": [ 0, 0, 1, 0.5 ], "texture": "#main" }, 
                "up":    { "uv": [ 0, 0, 3.5, 1 ], "texture": "#main" }, 
                "down":  { "uv": [ 0, 0, 3.5, 1 ], "texture": "#main" }
            }
        }, 
        {
            "from": [ -3, 5, 5 ], 
            "to":   [ 32, 10, 11 ], 
            "rotation": { "angle": 0, "axis": "y", "origin": [0, -7, 0] }, 
            "faces": {
                "north": { "uv": [ 4, 4, 8, 5.25 ], "texture": "#main" }, 
                "east":  { "uv": [ 4, 4, 5.5, 5.25 ], "texture": "#main" }, 
                "south": { "uv": [ 4, 4, 8, 5.25 ], "texture": "#main" }, 
                "west":  { "uv": [ 4, 4, 5.5, 5.25 ], "texture": "#main" }, 
                "up":    { "uv": [ 4, 4, 8, 5.5 ], "texture": "#main" }, 
                "down":  { "uv": [ 4, 4, 8, 5.5 ], "texture": "#main" }
            }
        }, 
        {
            "from": [ -4, 6, 6 ], 
            "to":   [ -3, 9, 10 ], 
            "rotation": { "angle": 0, "axis": "y", "origin": [0, -7, 0] }, 
            "faces": {
                "north": { "uv": [ 4, 4, 4.25, 4.75 ], "texture": "#main" }, 
                "east":  { "uv": [ 4, 4, 5, 4.75 ], "texture": "#main" }, 
                "south": { "uv": [ 4, 4, 4.25, 4.75 ], "texture": "#main" }, 
                "west":  { "uv": [ 4, 4, 5, 4.75 ], "texture": "#main" }, 
                "up":    { "uv": [ 4, 4, 4.25, 5 ], "texture": "#main" }, 
                "down":  { "uv": [ 4, 4, 4.25, 5 ], "texture": "#main" }
            }
        }, 
        {
            "from": [ -2, 0.5, 17 ], 
            "to":   [ 19, 1.5, 18 ], 
            "rotation": { "angle": 0, "axis": "z", "origin": [8, 1, 8] }, 
            "faces": {
                "north": { "uv": [ 4, 0, 4.25, 4 ], "rotation":270, "texture": "#main" }, 
                "east":  { "uv": [ 4, 0, 4.25, 0.25 ], "rotation":90, "texture": "#main" }, 
                "south": { "uv": [ 4, 0, 4.25, 4 ], "rotation":90, "texture": "#main" }, 
                "west":  { "uv": [ 4, 0, 4.25, 0.25 ], "rotation":90, "texture": "#main" }, 
                "up":    { "uv": [ 4, 0, 4.25, 4 ], "rotation":90, "texture": "#main" }, 
                "down":  { "uv": [ 4, 0, 4.25, 4 ], "rotation":90, "texture": "#main" }
            }
        }, 
        {
            "from": [ 8, -10, 17 ], 
            "to":   [ 9, 12, 18 ], 
            "rotation": { "angle": 45, "axis": "z", "origin": [8, 1, 8] }, 
            "faces": {
                "north": { "uv": [ 4, 0, 4.25, 4 ], "rotation":180, "texture": "#main" }, 
                "east":  { "uv": [ 4, 0, 4.25, 4 ], "rotation":180, "texture": "#main" }, 
                "south": { "uv": [ 4, 0, 4.25, 4 ], "rotation":180, "texture": "#main" }, 
                "west":  { "uv": [ 4, 0, 4.25, 4 ], "rotation":180, "texture": "#main" }, 
                "up":    { "uv": [ 4, 0, 4.25, 0.25 ], "rotation":180, "texture": "#main" }, 
                "down":  { "uv": [ 4, 0, 4.25, 0.25 ], "rotation":180, "texture": "#main" }
            }
        }, 
        {
            "from": [ -3, 0, 17 ], 
            "to":   [ 19, 1, 18 ], 
            "rotation": { "angle": 45, "axis": "z", "origin": [8, 1, 8] }, 
            "faces": {
                "north": { "uv": [ 4, 0, 4.25, 4 ], "rotation":90, "texture": "#main" }, 
                "east":  { "uv": [ 4, 0, 4.25, 0.25 ], "rotation":270, "texture": "#main" }, 
                "south": { "uv": [ 4, 0, 4.25, 4 ], "rotation":270, "texture": "#main" }, 
                "west":  { "uv": [ 4, 0, 4.25, 0.25 ], "rotation":270, "texture": "#main" }, 
                "up":    { "uv": [ 4, 0, 4.25, 4 ], "rotation":270, "texture": "#main" }, 
                "down":  { "uv": [ 4, 0, 4.25, 4 ], "rotation":270, "texture": "#main" }
            }
        }, 
        {
            "from": [ 8, -10, 17 ], 
            "to":   [ 9, 12, 18 ], 
            "rotation": { "angle": 0, "axis": "z", "origin": [8, 1, 8] }, 
            "faces": {
                "north": { "uv": [ 4, 0, 4.25, 4 ], "texture": "#main" }, 
                "east":  { "uv": [ 4, 0, 4.25, 4 ], "texture": "#main" }, 
                "south": { "uv": [ 4, 0, 4.25, 4 ], "texture": "#main" }, 
                "west":  { "uv": [ 4, 0, 4.25, 4 ], "texture": "#main" }, 
                "up":    { "uv": [ 4, 0, 4.25, 0.25 ], "texture": "#main" }, 
                "down":  { "uv": [ 4, 0, 4.25, 0.25 ], "texture": "#main" }
            }
        }, 
        {
            "from": [ 20, -7, 17 ], 
            "to":   [ 21, 1, 18 ], 
            "rotation": { "angle": 22.5, "axis": "z", "origin": [0, -7, 0] }, 
            "faces": {
                "north": { "uv": [ 0, 4, 2, 4.25 ], "rotation":270, "texture": "#main" }, 
                "east":  { "uv": [ 0, 4, 2, 4.25 ], "rotation":90, "texture": "#main" }, 
                "south": { "uv": [ 0, 4, 2, 4.25 ], "rotation":90, "texture": "#main" }, 
                "west":  { "uv": [ 0, 4, 2, 4.25 ], "rotation":90, "texture": "#main" }, 
                "up":    { "uv": [ 0, 4, 0.25, 4.25 ], "rotation":90, "texture": "#main" }, 
                "down":  { "uv": [ 0, 4, 0.25, 4.25 ], "rotation":90, "texture": "#main" }
            }
        }, 
        {
            "from": [ 14, 0, 17 ], 
            "to":   [ 15, 8, 18 ], 
            "rotation": { "angle": -22.5, "axis": "z", "origin": [0, -7, 0] }, 
            "faces": {
                "north": { "uv": [ 0, 4, 2, 4.25 ], "rotation":90, "texture": "#main" }, 
                "east":  { "uv": [ 0, 4, 2, 4.25 ], "rotation":270, "texture": "#main" }, 
                "south": { "uv": [ 0, 4, 2, 4.25 ], "rotation":270, "texture": "#main" }, 
                "west":  { "uv": [ 0, 4, 2, 4.25 ], "rotation":270, "texture": "#main" }, 
                "up":    { "uv": [ 0, 4, 0.25, 4.25 ], "rotation":270, "texture": "#main" }, 
                "down":  { "uv": [ 0, 4, 0.25, 4.25 ], "rotation":270, "texture": "#main" }
            }
        }, 
        {
            "from": [ 7, -13, 17 ], 
            "to":   [ 15, -12, 18 ], 
            "rotation": { "angle": 22.5, "axis": "z", "origin": [0, -7, 0] }, 
            "faces": {
                "north": { "uv": [ 0, 4, 2, 4.25 ], "texture": "#main" }, 
                "east":  { "uv": [ 0, 4, 0.25, 4.25 ], "texture": "#main" }, 
                "south": { "uv": [ 0, 4, 2, 4.25 ], "texture": "#main" }, 
                "west":  { "uv": [ 0, 4, 0.25, 4.25 ], "texture": "#main" }, 
                "up":    { "uv": [ 0, 4, 2, 4.25 ], "texture": "#main" }, 
                "down":  { "uv": [ 0, 4, 2, 4.25 ], "texture": "#main" }
            }
        }, 
        {
            "from": [ 1, -7, 17 ], 
            "to":   [ 9, -6, 18 ], 
            "rotation": { "angle": -22.5, "axis": "z", "origin": [0, -7, 0] }, 
            "faces": {
                "north": { "uv": [ 0, 4, 2, 4.25 ], "texture": "#main" }, 
                "east":  { "uv": [ 0, 4, 0.25, 4.25 ], "texture": "#main" }, 
                "south": { "uv": [ 0, 4, 2, 4.25 ], "texture": "#main" }, 
                "west":  { "uv": [ 0, 4, 0.25, 4.25 ], "texture": "#main" }, 
                "up":    { "uv": [ 0, 4, 2, 4.25 ], "texture": "#main" }, 
                "down":  { "uv": [ 0, 4, 2, 4.25 ], "texture": "#main" }
            }
        }, 
        {
            "from": [ 0, -7, 17 ], 
            "to":   [ 1, 1, 18 ], 
            "rotation": { "angle": 22.5, "axis": "z", "origin": [0, -7, 0] }, 
            "faces": {
                "north": { "uv": [ 0, 4, 2, 4.25 ], "rotation":270, "texture": "#main" }, 
                "east":  { "uv": [ 0, 4, 2, 4.25 ], "rotation":90, "texture": "#main" }, 
                "south": { "uv": [ 0, 4, 2, 4.25 ], "rotation":90, "texture": "#main" }, 
                "west":  { "uv": [ 0, 4, 2, 4.25 ], "rotation":90, "texture": "#main" }, 
                "up":    { "uv": [ 0, 4, 0.25, 4.25 ], "rotation":90, "texture": "#main" }, 
                "down":  { "uv": [ 0, 4, 0.25, 4.25 ], "rotation":90, "texture": "#main" }
            }
        }, 
        {
            "from": [ 1, 13, 17 ], 
            "to":   [ 9, 14, 18 ], 
            "rotation": { "angle": -22.5, "axis": "z", "origin": [0, -7, 0] }, 
            "faces": {
                "north": { "uv": [ 0, 4, 2, 4.25 ], "texture": "#main" }, 
                "east":  { "uv": [ 0, 4, 0.25, 4.25 ], "texture": "#main" }, 
                "south": { "uv": [ 0, 4, 2, 4.25 ], "texture": "#main" }, 
                "west":  { "uv": [ 0, 4, 0.25, 4.25 ], "texture": "#main" }, 
                "up":    { "uv": [ 0, 4, 2, 4.25 ], "texture": "#main" }, 
                "down":  { "uv": [ 0, 4, 2, 4.25 ], "texture": "#main" }
            }
        }, 
        {
            "from": [ 7, 7, 17 ], 
            "to":   [ 15, 8, 18 ], 
            "rotation": { "angle": 22.5, "axis": "z", "origin": [0, -7, 0] }, 
            "faces": {
                "north": { "uv": [ 0, 4, 2, 4.25 ], "texture": "#main" }, 
                "east":  { "uv": [ 0, 4, 0.25, 4.25 ], "texture": "#main" }, 
                "south": { "uv": [ 0, 4, 2, 4.25 ], "texture": "#main" }, 
                "west":  { "uv": [ 0, 4, 0.25, 4.25 ], "texture": "#main" }, 
                "up":    { "uv": [ 0, 4, 2, 4.25 ], "texture": "#main" }, 
                "down":  { "uv": [ 0, 4, 2, 4.25 ], "texture": "#main" }
            }
        }, 
        {
            "from": [ -6, 0, 17 ], 
            "to":   [ -5, 8, 18 ], 
            "rotation": { "angle": -22.5, "axis": "z", "origin": [0, -7, 0] }, 
            "faces": {
                "north": { "uv": [ 0, 4, 2, 4.25 ], "rotation":90, "texture": "#main" }, 
                "east":  { "uv": [ 0, 4, 2, 4.25 ], "rotation":270, "texture": "#main" }, 
                "south": { "uv": [ 0, 4, 2, 4.25 ], "rotation":270, "texture": "#main" }, 
                "west":  { "uv": [ 0, 4, 2, 4.25 ], "rotation":270, "texture": "#main" }, 
                "up":    { "uv": [ 0, 4, 0.25, 4.25 ], "rotation":270, "texture": "#main" }, 
                "down":  { "uv": [ 0, 4, 0.25, 4.25 ], "rotation":270, "texture": "#main" }
            }
        }, 
        {
            "from": [ -2, 0.5, -2 ], 
            "to":   [ 19, 1.5, -1 ], 
            "rotation": { "angle": 0, "axis": "z", "origin": [8, 1, -11] }, 
            "faces": {
                "north": { "uv": [ 4, 0, 4.25, 4 ], "rotation":270, "texture": "#main" }, 
                "east":  { "uv": [ 4, 0, 4.25, 0.25 ], "rotation":90, "texture": "#main" }, 
                "south": { "uv": [ 4, 0, 4.25, 4 ], "rotation":90, "texture": "#main" }, 
                "west":  { "uv": [ 4, 0, 4.25, 0.25 ], "rotation":90, "texture": "#main" }, 
                "up":    { "uv": [ 4, 0, 4.25, 4 ], "rotation":90, "texture": "#main" }, 
                "down":  { "uv": [ 4, 0, 4.25, 4 ], "rotation":90, "texture": "#main" }
            }
        }, 
        {
            "from": [ 8, -10, -2 ], 
            "to":   [ 9, 12, -1 ], 
            "rotation": { "angle": 45, "axis": "z", "origin": [8, 1, -11] }, 
            "faces": {
                "north": { "uv": [ 4, 0, 4.25, 4 ], "rotation":180, "texture": "#main" }, 
                "east":  { "uv": [ 4, 0, 4.25, 4 ], "rotation":180, "texture": "#main" }, 
                "south": { "uv": [ 4, 0, 4.25, 4 ], "rotation":180, "texture": "#main" }, 
                "west":  { "uv": [ 4, 0, 4.25, 4 ], "rotation":180, "texture": "#main" }, 
                "up":    { "uv": [ 4, 0, 4.25, 0.25 ], "rotation":180, "texture": "#main" }, 
                "down":  { "uv": [ 4, 0, 4.25, 0.25 ], "rotation":180, "texture": "#main" }
            }
        }, 
        {
            "from": [ -3, 0, -2 ], 
            "to":   [ 19, 1, -1 ], 
            "rotation": { "angle": 45, "axis": "z", "origin": [8, 1, -11] }, 
            "faces": {
                "north": { "uv": [ 4, 0, 4.25, 4 ], "rotation":90, "texture": "#main" }, 
                "east":  { "uv": [ 4, 0, 4.25, 0.25 ], "rotation":270, "texture": "#main" }, 
                "south": { "uv": [ 4, 0, 4.25, 4 ], "rotation":270, "texture": "#main" }, 
                "west":  { "uv": [ 4, 0, 4.25, 0.25 ], "rotation":270, "texture": "#main" }, 
                "up":    { "uv": [ 4, 0, 4.25, 4 ], "rotation":270, "texture": "#main" }, 
                "down":  { "uv": [ 4, 0, 4.25, 4 ], "rotation":270, "texture": "#main" }
            }
        }, 
        {
            "from": [ 8, -10, -2 ], 
            "to":   [ 9, 12, -1 ], 
            "rotation": { "angle": 0, "axis": "z", "origin": [8, 1, -11] }, 
            "faces": {
                "north": { "uv": [ 4, 0, 4.25, 4 ], "texture": "#main" }, 
                "east":  { "uv": [ 4, 0, 4.25, 4 ], "texture": "#main" }, 
                "south": { "uv": [ 4, 0, 4.25, 4 ], "texture": "#main" }, 
                "west":  { "uv": [ 4, 0, 4.25, 4 ], "texture": "#main" }, 
                "up":    { "uv": [ 4, 0, 4.25, 0.25 ], "texture": "#main" }, 
                "down":  { "uv": [ 4, 0, 4.25, 0.25 ], "texture": "#main" }
            }
        }, 
        {
            "from": [ 20, -7, -2 ], 
            "to":   [ 21, 1, -1 ], 
            "rotation": { "angle": 22.5, "axis": "z", "origin": [0, -7, -19] }, 
            "faces": {
                "north": { "uv": [ 0, 4, 2, 4.25 ], "rotation":270, "texture": "#main" }, 
                "east":  { "uv": [ 0, 4, 2, 4.25 ], "rotation":90, "texture": "#main" }, 
                "south": { "uv": [ 0, 4, 2, 4.25 ], "rotation":90, "texture": "#main" }, 
                "west":  { "uv": [ 0, 4, 2, 4.25 ], "rotation":90, "texture": "#main" }, 
                "up":    { "uv": [ 0, 4, 0.25, 4.25 ], "rotation":90, "texture": "#main" }, 
                "down":  { "uv": [ 0, 4, 0.25, 4.25 ], "rotation":90, "texture": "#main" }
            }
        }, 
        {
            "from": [ 14, 0, -2 ], 
            "to":   [ 15, 8, -1 ], 
            "rotation": { "angle": -22.5, "axis": "z", "origin": [0, -7, -19] }, 
            "faces": {
                "north": { "uv": [ 0, 4, 2, 4.25 ], "rotation":90, "texture": "#main" }, 
                "east":  { "uv": [ 0, 4, 2, 4.25 ], "rotation":270, "texture": "#main" }, 
                "south": { "uv": [ 0, 4, 2, 4.25 ], "rotation":270, "texture": "#main" }, 
                "west":  { "uv": [ 0, 4, 2, 4.25 ], "rotation":270, "texture": "#main" }, 
                "up":    { "uv": [ 0, 4, 0.25, 4.25 ], "rotation":270, "texture": "#main" }, 
                "down":  { "uv": [ 0, 4, 0.25, 4.25 ], "rotation":270, "texture": "#main" }
            }
        }, 
        {
            "from": [ 7, -13, -2 ], 
            "to":   [ 15, -12, -1 ], 
            "rotation": { "angle": 22.5, "axis": "z", "origin": [0, -7, -19] }, 
            "faces": {
                "north": { "uv": [ 0, 4, 2, 4.25 ], "texture": "#main" }, 
                "east":  { "uv": [ 0, 4, 0.25, 4.25 ], "texture": "#main" }, 
                "south": { "uv": [ 0, 4, 2, 4.25 ], "texture": "#main" }, 
                "west":  { "uv": [ 0, 4, 0.25, 4.25 ], "texture": "#main" }, 
                "up":    { "uv": [ 0, 4, 2, 4.25 ], "texture": "#main" }, 
                "down":  { "uv": [ 0, 4, 2, 4.25 ], "texture": "#main" }
            }
        }, 
        {
            "from": [ 1, -7, -2 ], 
            "to":   [ 9, -6, -1 ], 
            "rotation": { "angle": -22.5, "axis": "z", "origin": [0, -7, -19] }, 
            "faces": {
                "north": { "uv": [ 0, 4, 2, 4.25 ], "texture": "#main" }, 
                "east":  { "uv": [ 0, 4, 0.25, 4.25 ], "texture": "#main" }, 
                "south": { "uv": [ 0, 4, 2, 4.25 ], "texture": "#main" }, 
                "west":  { "uv": [ 0, 4, 0.25, 4.25 ], "texture": "#main" }, 
                "up":    { "uv": [ 0, 4, 2, 4.25 ], "texture": "#main" }, 
                "down":  { "uv": [ 0, 4, 2, 4.25 ], "texture": "#main" }
            }
        }, 
        {
            "from": [ 0, -7, -2 ], 
            "to":   [ 1, 1, -1 ], 
            "rotation": { "angle": 22.5, "axis": "z", "origin": [0, -7, -19] }, 
            "faces": {
                "north": { "uv": [ 0, 4, 2, 4.25 ], "rotation":270, "texture": "#main" }, 
                "east":  { "uv": [ 0, 4, 2, 4.25 ], "rotation":90, "texture": "#main" }, 
                "south": { "uv": [ 0, 4, 2, 4.25 ], "rotation":90, "texture": "#main" }, 
                "west":  { "uv": [ 0, 4, 2, 4.25 ], "rotation":90, "texture": "#main" }, 
                "up":    { "uv": [ 0, 4, 0.25, 4.25 ], "rotation":90, "texture": "#main" }, 
                "down":  { "uv": [ 0, 4, 0.25, 4.25 ], "rotation":90, "texture": "#main" }
            }
        }, 
        {
            "from": [ 1, 13, -2 ], 
            "to":   [ 9, 14, -1 ], 
            "rotation": { "angle": -22.5, "axis": "z", "origin": [0, -7, -19] }, 
            "faces": {
                "north": { "uv": [ 0, 4, 2, 4.25 ], "texture": "#main" }, 
                "east":  { "uv": [ 0, 4, 0.25, 4.25 ], "texture": "#main" }, 
                "south": { "uv": [ 0, 4, 2, 4.25 ], "texture": "#main" }, 
                "west":  { "uv": [ 0, 4, 0.25, 4.25 ], "texture": "#main" }, 
                "up":    { "uv": [ 0, 4, 2, 4.25 ], "texture": "#main" }, 
                "down":  { "uv": [ 0, 4, 2, 4.25 ], "texture": "#main" }
            }
        }, 
        {
            "from": [ 7, 7, -2 ], 
            "to":   [ 15, 8, -1 ], 
            "rotation": { "angle": 22.5, "axis": "z", "origin": [0, -7, -19] }, 
            "faces": {
                "north": { "uv": [ 0, 4, 2, 4.25 ], "texture": "#main" }, 
                "east":  { "uv": [ 0, 4, 0.25, 4.25 ], "texture": "#main" }, 
                "south": { "uv": [ 0, 4, 2, 4.25 ], "texture": "#main" }, 
                "west":  { "uv": [ 0, 4, 0.25, 4.25 ], "texture": "#main" }, 
                "up":    { "uv": [ 0, 4, 2, 4.25 ], "texture": "#main" }, 
                "down":  { "uv": [ 0, 4, 2, 4.25 ], "texture": "#main" }
            }
        }, 
        {
            "from": [ -6, 0, -2 ], 
            "to":   [ -5, 8, -1 ], 
            "rotation": { "angle": -22.5, "axis": "z", "origin": [0, -7, -19] }, 
            "faces": {
                "north": { "uv": [ 0, 4, 2, 4.25 ], "rotation":90, "texture": "#main" }, 
                "east":  { "uv": [ 0, 4, 2, 4.25 ], "rotation":270, "texture": "#main" }, 
                "south": { "uv": [ 0, 4, 2, 4.25 ], "rotation":270, "texture": "#main" }, 
                "west":  { "uv": [ 0, 4, 2, 4.25 ], "rotation":270, "texture": "#main" }, 
                "up":    { "uv": [ 0, 4, 0.25, 4.25 ], "rotation":270, "texture": "#main" }, 
                "down":  { "uv": [ 0, 4, 0.25, 4.25 ], "rotation":270, "texture": "#main" }
            }
        }, 
        {
            "from": [ 0, 5, 0 ], 
            "to":   [ 16, 8, 4 ], 
            "rotation": { "angle": 0, "axis": "y", "origin": [8, 1, 8] }, 
            "faces": {
                "north": { "uv": [ 8, 0, 12, 0.75 ], "texture": "#main" }, 
                "east":  { "uv": [ 8, 0, 9, 0.75 ], "texture": "#main" }, 
                "south": { "uv": [ 8, 0, 12, 0.75 ], "texture": "#main" }, 
                "west":  { "uv": [ 8, 0, 9, 0.75 ], "texture": "#main" }, 
                "up":    { "uv": [ 8, 0, 12, 1 ], "texture": "#main" }, 
                "down":  { "uv": [ 8, 0, 12, 1 ], "texture": "#main" }
            }
        }, 
        {
            "from": [ 0, 5, 12 ], 
            "to":   [ 16, 8, 16 ], 
            "rotation": { "angle": 0, "axis": "y", "origin": [8, 1, 8] }, 
            "faces": {
                "north": { "uv": [ 8, 0, 12, 0.75 ], "texture": "#main" }, 
                "east":  { "uv": [ 8, 0, 9, 0.75 ], "texture": "#main" }, 
                "south": { "uv": [ 8, 0, 12, 0.75 ], "texture": "#main" }, 
                "west":  { "uv": [ 8, 0, 9, 0.75 ], "texture": "#main" }, 
                "up":    { "uv": [ 8, 0, 12, 1 ], "texture": "#main" }, 
                "down":  { "uv": [ 8, 0, 12, 1 ], "texture": "#main" }
            }
        }, 
        {
            "from": [ 0, 1, 0 ], 
            "to":   [ 16, 5, 16 ], 
            "rotation": { "angle": 0, "axis": "y", "origin": [8, 1, 8] }, 
            "faces": {
                "north": { "uv": [ 8, 0, 12, 1 ], "texture": "#main" }, 
                "east":  { "uv": [ 8, 0, 12, 1 ], "texture": "#main" }, 
                "south": { "uv": [ 8, 0, 12, 1 ], "texture": "#main" }, 
                "west":  { "uv": [ 8, 0, 12, 1 ], "texture": "#main" }, 
                "up":    { "uv": [ 8, 0, 12, 4 ], "texture": "#main" }, 
                "down":  { "uv": [ 8, 0, 12, 4 ], "texture": "#main" }
            }
        }, 
        {
            "from": [ 4, -1, 0 ], 
            "to":   [ 13, 1, 16 ], 
            "rotation": { "angle": 0, "axis": "y", "origin": [0, -7, 0] }, 
            "faces": {
                "north": { "uv": [ 8, 0, 10.25, 0.5 ], "texture": "#main" }, 
                "east":  { "uv": [ 8, 0, 12, 0.5 ], "texture": "#main" }, 
                "south": { "uv": [ 8, 0, 10.25, 0.5 ], "texture": "#main" }, 
                "west":  { "uv": [ 8, 0, 12, 0.5 ], "texture": "#main" }, 
                "up":    { "uv": [ 8, 0, 10.25, 4 ], "texture": "#main" }, 
                "down":  { "uv": [ 8, 0, 10.25, 4 ], "texture": "#main" }
            }
        }, 
        {
            "from": [ 8, 0, -3 ], 
            "to":   [ 9, 1, 19 ], 
            "rotation": { "angle": 0, "axis": "y", "origin": [0, -7, 0] }, 
            "faces": {
                "north": { "uv": [ 8, 0, 8.25, 0.25 ], "texture": "#main" }, 
                "east":  { "uv": [ 8, 0, 12, 0.25 ], "texture": "#main" }, 
                "south": { "uv": [ 8, 0, 8.25, 0.25 ], "texture": "#main" }, 
                "west":  { "uv": [ 8, 0, 12, 0.25 ], "texture": "#main" }, 
                "up":    { "uv": [ 8, 0, 8.25, 4 ], "texture": "#main" }, 
                "down":  { "uv": [ 8, 0, 8.25, 4 ], "texture": "#main" }
            }
        }, 
        {
            "from": [ -2, 0, 4 ], 
            "to":   [ 4, 3, 12 ], 
            "rotation": { "angle": 22.5, "axis": "z", "origin": [0, -7, 0] }, 
            "faces": {
                "north": { "uv": [ 8, 0, 9.5, 0.75 ], "texture": "#main" }, 
                "east":  { "uv": [ 8, 0, 10, 0.75 ], "texture": "#main" }, 
                "south": { "uv": [ 8, 0, 9.5, 0.75 ], "texture": "#main" }, 
                "west":  { "uv": [ 8, 0, 10, 0.75 ], "texture": "#main" }, 
                "up":    { "uv": [ 8, 0, 10, 1.5 ], "rotation":270, "texture": "#main" }, 
                "down":  { "uv": [ 8, 0, 10, 1.5 ], "rotation":90, "texture": "#main" }
            }
        }, 
        {
            "from": [ -16, 1, 6 ], 
            "to":   [ -2, 3, 10 ], 
            "rotation": { "angle": 22.5, "axis": "z", "origin": [0, -7, 0] }, 
            "faces": {
                "north": { "uv": [ 8, 0, 11.5, 0.5 ], "texture": "#main" }, 
                "east":  { "uv": [ 8, 0, 9, 0.5 ], "texture": "#main" }, 
                "south": { "uv": [ 8, 0, 11.5, 0.5 ], "texture": "#main" }, 
                "west":  { "uv": [ 8, 0, 9, 0.5 ], "texture": "#main" }, 
                "up":    { "uv": [ 8, 0, 11.5, 1 ], "texture": "#main" }, 
                "down":  { "uv": [ 8, 0, 11.5, 1 ], "texture": "#main" }
            }
        }, 
        {
            "from": [ -3, 5, 5 ], 
            "to":   [ 32, 10, 11 ], 
            "rotation": { "angle": 0, "axis": "y", "origin": [0, -7, 0] }, 
            "faces": {
                "north": { "uv": [ 12, 4, 16, 5.25 ], "texture": "#main" }, 
                "east":  { "uv": [ 12, 4, 13.5, 5.25 ], "texture": "#main" }, 
                "south": { "uv": [ 12, 4, 16, 5.25 ], "texture": "#main" }, 
                "west":  { "uv": [ 12, 4, 13.5, 5.25 ], "texture": "#main" }, 
                "up":    { "uv": [ 12, 4, 16, 5.5 ], "texture": "#main" }, 
                "down":  { "uv": [ 12, 4, 16, 5.5 ], "texture": "#main" }
            }
        }, 
        {
            "from": [ -4, 6, 6 ], 
            "to":   [ -3, 9, 10 ], 
            "rotation": { "angle": 0, "axis": "y", "origin": [0, -7, 0] }, 
            "faces": {
                "north": { "uv": [ 12, 4, 12.25, 4.75 ], "texture": "#main" }, 
                "east":  { "uv": [ 12, 4, 13, 4.75 ], "texture": "#main" }, 
                "south": { "uv": [ 12, 4, 12.25, 4.75 ], "texture": "#main" }, 
                "west":  { "uv": [ 12, 4, 13, 4.75 ], "texture": "#main" }, 
                "up":    { "uv": [ 12, 4, 12.25, 5 ], "texture": "#main" }, 
                "down":  { "uv": [ 12, 4, 12.25, 5 ], "texture": "#main" }
            }
        }, 
        {
            "from": [ -2, 0.5, 17 ], 
            "to":   [ 19, 1.5, 18 ], 
            "rotation": { "angle": -22.5, "axis": "z", "origin": [8, 1, 8] }, 
            "faces": {
                "north": { "uv": [ 12, 0, 12.25, 4 ], "rotation":270, "texture": "#main" }, 
                "east":  { "uv": [ 12, 0, 12.25, 0.25 ], "rotation":90, "texture": "#main" }, 
                "south": { "uv": [ 12, 0, 12.25, 4 ], "rotation":90, "texture": "#main" }, 
                "west":  { "uv": [ 12, 0, 12.25, 0.25 ], "rotation":90, "texture": "#main" }, 
                "up":    { "uv": [ 12, 0, 12.25, 4 ], "rotation":90, "texture": "#main" }, 
                "down":  { "uv": [ 12, 0, 12.25, 4 ], "rotation":90, "texture": "#main" }
            }
        }, 
        {
            "from": [ 8, -10, 17 ], 
            "to":   [ 9, 12, 18 ], 
            "rotation": { "angle": 22.5, "axis": "z", "origin": [8, 1, 8] }, 
            "faces": {
                "north": { "uv": [ 12, 0, 12.25, 4 ], "rotation":180, "texture": "#main" }, 
                "east":  { "uv": [ 12, 0, 12.25, 4 ], "rotation":180, "texture": "#main" }, 
                "south": { "uv": [ 12, 0, 12.25, 4 ], "rotation":180, "texture": "#main" }, 
                "west":  { "uv": [ 12, 0, 12.25, 4 ], "rotation":180, "texture": "#main" }, 
                "up":    { "uv": [ 12, 0, 12.25, 0.25 ], "rotation":180, "texture": "#main" }, 
                "down":  { "uv": [ 12, 0, 12.25, 0.25 ], "rotation":180, "texture": "#main" }
            }
        }, 
        {
            "from": [ -3, 0, 17 ], 
            "to":   [ 19, 1, 18 ], 
            "rotation": { "angle": 22.5, "axis": "z", "origin": [8, 1, 8] }, 
            "faces": {
                "north": { "uv": [ 12, 0, 12.25, 4 ], "rotation":90, "texture": "#main" }, 
                "east":  { "uv": [ 12, 0, 12.25, 0.25 ], "rotation":270, "texture": "#main" }, 
                "south": { "uv": [ 12, 0, 12.25, 4 ], "rotation":270, "texture": "#main" }, 
                "west":  { "uv": [ 12, 0, 12.25, 0.25 ], "rotation":270, "texture": "#main" }, 
                "up":    { "uv": [ 12, 0, 12.25, 4 ], "rotation":270, "texture": "#main" }, 
                "down":  { "uv": [ 12, 0, 12.25, 4 ], "rotation":270, "texture": "#main" }
            }
        }, 
        {
            "from": [ 8, -10, 17 ], 
            "to":   [ 9, 12, 18 ], 
            "rotation": { "angle": -22.5, "axis": "z", "origin": [8, 1, 8] }, 
            "faces": {
                "north": { "uv": [ 12, 0, 12.25, 4 ], "texture": "#main" }, 
                "east":  { "uv": [ 12, 0, 12.25, 4 ], "texture": "#main" }, 
                "south": { "uv": [ 12, 0, 12.25, 4 ], "texture": "#main" }, 
                "west":  { "uv": [ 12, 0, 12.25, 4 ], "texture": "#main" }, 
                "up":    { "uv": [ 12, 0, 12.25, 0.25 ], "texture": "#main" }, 
                "down":  { "uv": [ 12, 0, 12.25, 0.25 ], "texture": "#main" }
            }
        }, 
        {
            "from": [ 18, -3, 17 ], 
            "to":   [ 19, 5, 18 ], 
            "rotation": { "angle": 0, "axis": "z", "origin": [-2, -3, 0] }, 
            "faces": {
                "north": { "uv": [ 8, 4, 10, 4.25 ], "rotation":270, "texture": "#main" }, 
                "east":  { "uv": [ 8, 4, 10, 4.25 ], "rotation":90, "texture": "#main" }, 
                "south": { "uv": [ 8, 4, 10, 4.25 ], "rotation":90, "texture": "#main" }, 
                "west":  { "uv": [ 8, 4, 10, 4.25 ], "rotation":90, "texture": "#main" }, 
                "up":    { "uv": [ 8, 4, 8.25, 4.25 ], "rotation":90, "texture": "#main" }, 
                "down":  { "uv": [ 8, 4, 8.25, 4.25 ], "rotation":90, "texture": "#main" }
            }
        }, 
        {
            "from": [ 12, 4, 17 ], 
            "to":   [ 13, 12, 18 ], 
            "rotation": { "angle": -45, "axis": "z", "origin": [-2, -3, 0] }, 
            "faces": {
                "north": { "uv": [ 8, 4, 10, 4.25 ], "rotation":90, "texture": "#main" }, 
                "east":  { "uv": [ 8, 4, 10, 4.25 ], "rotation":270, "texture": "#main" }, 
                "south": { "uv": [ 8, 4, 10, 4.25 ], "rotation":270, "texture": "#main" }, 
                "west":  { "uv": [ 8, 4, 10, 4.25 ], "rotation":270, "texture": "#main" }, 
                "up":    { "uv": [ 8, 4, 8.25, 4.25 ], "rotation":270, "texture": "#main" }, 
                "down":  { "uv": [ 8, 4, 8.25, 4.25 ], "rotation":270, "texture": "#main" }
            }
        }, 
        {
            "from": [ 5, -9, 17 ], 
            "to":   [ 13, -8, 18 ], 
            "rotation": { "angle": 0, "axis": "z", "origin": [-2, -3, 0] }, 
            "faces": {
                "north": { "uv": [ 8, 4, 10, 4.25 ], "texture": "#main" }, 
                "east":  { "uv": [ 8, 4, 8.25, 4.25 ], "texture": "#main" }, 
                "south": { "uv": [ 8, 4, 10, 4.25 ], "texture": "#main" }, 
                "west":  { "uv": [ 8, 4, 8.25, 4.25 ], "texture": "#main" }, 
                "up":    { "uv": [ 8, 4, 10, 4.25 ], "texture": "#main" }, 
                "down":  { "uv": [ 8, 4, 10, 4.25 ], "texture": "#main" }
            }
        }, 
        {
            "from": [ -1, -3, 17 ], 
            "to":   [ 7, -2, 18 ], 
            "rotation": { "angle": -45, "axis": "z", "origin": [-2, -3, 0] }, 
            "faces": {
                "north": { "uv": [ 8, 4, 10, 4.25 ], "texture": "#main" }, 
                "east":  { "uv": [ 8, 4, 8.25, 4.25 ], "texture": "#main" }, 
                "south": { "uv": [ 8, 4, 10, 4.25 ], "texture": "#main" }, 
                "west":  { "uv": [ 8, 4, 8.25, 4.25 ], "texture": "#main" }, 
                "up":    { "uv": [ 8, 4, 10, 4.25 ], "texture": "#main" }, 
                "down":  { "uv": [ 8, 4, 10, 4.25 ], "texture": "#main" }
            }
        }, 
        {
            "from": [ -2, -3, 17 ], 
            "to":   [ -1, 5, 18 ], 
            "rotation": { "angle": 0, "axis": "z", "origin": [-2, -3, 0] }, 
            "faces": {
                "north": { "uv": [ 8, 4, 10, 4.25 ], "rotation":270, "texture": "#main" }, 
                "east":  { "uv": [ 8, 4, 10, 4.25 ], "rotation":90, "texture": "#main" }, 
                "south": { "uv": [ 8, 4, 10, 4.25 ], "rotation":90, "texture": "#main" }, 
                "west":  { "uv": [ 8, 4, 10, 4.25 ], "rotation":90, "texture": "#main" }, 
                "up":    { "uv": [ 8, 4, 8.25, 4.25 ], "rotation":90, "texture": "#main" }, 
                "down":  { "uv": [ 8, 4, 8.25, 4.25 ], "rotation":90, "texture": "#main" }
            }
        }, 
        {
            "from": [ -1, 17, 17 ], 
            "to":   [ 7, 18, 18 ], 
            "rotation": { "angle": -45, "axis": "z", "origin": [-2, -3, 0] }, 
            "faces": {
                "north": { "uv": [ 8, 4, 10, 4.25 ], "texture": "#main" }, 
                "east":  { "uv": [ 8, 4, 8.25, 4.25 ], "texture": "#main" }, 
                "south": { "uv": [ 8, 4, 10, 4.25 ], "texture": "#main" }, 
                "west":  { "uv": [ 8, 4, 8.25, 4.25 ], "texture": "#main" }, 
                "up":    { "uv": [ 8, 4, 10, 4.25 ], "texture": "#main" }, 
                "down":  { "uv": [ 8, 4, 10, 4.25 ], "texture": "#main" }
            }
        }, 
        {
            "from": [ 5, 11, 17 ], 
            "to":   [ 13, 12, 18 ], 
            "rotation": { "angle": 0, "axis": "z", "origin": [-2, -3, 0] }, 
            "faces": {
                "north": { "uv": [ 8, 4, 10, 4.25 ], "texture": "#main" }, 
                "east":  { "uv": [ 8, 4, 8.25, 4.25 ], "texture": "#main" }, 
                "south": { "uv": [ 8, 4, 10, 4.25 ], "texture": "#main" }, 
                "west":  { "uv": [ 8, 4, 8.25, 4.25 ], "texture": "#main" }, 
                "up":    { "uv": [ 8, 4, 10, 4.25 ], "texture": "#main" }, 
                "down":  { "uv": [ 8, 4, 10, 4.25 ], "texture": "#main" }
            }
        }, 
        {
            "from": [ -8, 4, 17 ], 
            "to":   [ -7, 12, 18 ], 
            "rotation": { "angle": -45, "axis": "z", "origin": [-2, -3, 0] }, 
            "faces": {
                "north": { "uv": [ 8, 4, 10, 4.25 ], "rotation":90, "texture": "#main" }, 
                "east":  { "uv": [ 8, 4, 10, 4.25 ], "rotation":270, "texture": "#main" }, 
                "south": { "uv": [ 8, 4, 10, 4.25 ], "rotation":270, "texture": "#main" }, 
                "west":  { "uv": [ 8, 4, 10, 4.25 ], "rotation":270, "texture": "#main" }, 
                "up":    { "uv": [ 8, 4, 8.25, 4.25 ], "rotation":270, "texture": "#main" }, 
                "down":  { "uv": [ 8, 4, 8.25, 4.25 ], "rotation":270, "texture": "#main" }
            }
        }, 
        {
            "from": [ -2, 0.5, -2 ], 
            "to":   [ 19, 1.5, -1 ], 
            "rotation": { "angle": -22.5, "axis": "z", "origin": [8, 1, -11] }, 
            "faces": {
                "north": { "uv": [ 12, 0, 12.25, 4 ], "rotation":270, "texture": "#main" }, 
                "east":  { "uv": [ 12, 0, 12.25, 0.25 ], "rotation":90, "texture": "#main" }, 
                "south": { "uv": [ 12, 0, 12.25, 4 ], "rotation":90, "texture": "#main" }, 
                "west":  { "uv": [ 12, 0, 12.25, 0.25 ], "rotation":90, "texture": "#main" }, 
                "up":    { "uv": [ 12, 0, 12.25, 4 ], "rotation":90, "texture": "#main" }, 
                "down":  { "uv": [ 12, 0, 12.25, 4 ], "rotation":90, "texture": "#main" }
            }
        }, 
        {
            "from": [ 8, -10, -2 ], 
            "to":   [ 9, 12, -1 ], 
            "rotation": { "angle": 22.5, "axis": "z", "origin": [8, 1, -11] }, 
            "faces": {
                "north": { "uv": [ 12, 0, 12.25, 4 ], "rotation":180, "texture": "#main" }, 
                "east":  { "uv": [ 12, 0, 12.25, 4 ], "rotation":180, "texture": "#main" }, 
                "south": { "uv": [ 12, 0, 12.25, 4 ], "rotation":180, "texture": "#main" }, 
                "west":  { "uv": [ 12, 0, 12.25, 4 ], "rotation":180, "texture": "#main" }, 
                "up":    { "uv": [ 12, 0, 12.25, 0.25 ], "rotation":180, "texture": "#main" }, 
                "down":  { "uv": [ 12, 0, 12.25, 0.25 ], "rotation":180, "texture": "#main" }
            }
        }, 
        {
            "from": [ -3, 0, -2 ], 
            "to":   [ 19, 1, -1 ], 
            "rotation": { "angle": 22.5, "axis": "z", "origin": [8, 1, -11] }, 
            "faces": {
                "north": { "uv": [ 12, 0, 12.25, 4 ], "rotation":90, "texture": "#main" }, 
                "east":  { "uv": [ 12, 0, 12.25, 0.25 ], "rotation":270, "texture": "#main" }, 
                "south": { "uv": [ 12, 0, 12.25, 4 ], "rotation":270, "texture": "#main" }, 
                "west":  { "uv": [ 12, 0, 12.25, 0.25 ], "rotation":270, "texture": "#main" }, 
                "up":    { "uv": [ 12, 0, 12.25, 4 ], "rotation":270, "texture": "#main" }, 
                "down":  { "uv": [ 12, 0, 12.25, 4 ], "rotation":270, "texture": "#main" }
            }
        }, 
        {
            "from": [ 8, -10, -2 ], 
            "to":   [ 9, 12, -1 ], 
            "rotation": { "angle": -22.5, "axis": "z", "origin": [8, 1, -11] }, 
            "faces": {
                "north": { "uv": [ 12, 0, 12.25, 4 ], "texture": "#main" }, 
                "east":  { "uv": [ 12, 0, 12.25, 4 ], "texture": "#main" }, 
                "south": { "uv": [ 12, 0, 12.25, 4 ], "texture": "#main" }, 
                "west":  { "uv": [ 12, 0, 12.25, 4 ], "texture": "#main" }, 
                "up":    { "uv": [ 12, 0, 12.25, 0.25 ], "texture": "#main" }, 
                "down":  { "uv": [ 12, 0, 12.25, 0.25 ], "texture": "#main" }
            }
        }, 
        {
            "from": [ 18, -3, -2 ], 
            "to":   [ 19, 5, -1 ], 
            "rotation": { "angle": 0, "axis": "z", "origin": [-2, -3, -19] }, 
            "faces": {
                "north": { "uv": [ 8, 4, 10, 4.25 ], "rotation":270, "texture": "#main" }, 
                "east":  { "uv": [ 8, 4, 10, 4.25 ], "rotation":90, "texture": "#main" }, 
                "south": { "uv": [ 8, 4, 10, 4.25 ], "rotation":90, "texture": "#main" }, 
                "west":  { "uv": [ 8, 4, 10, 4.25 ], "rotation":90, "texture": "#main" }, 
                "up":    { "uv": [ 8, 4, 8.25, 4.25 ], "rotation":90, "texture": "#main" }, 
                "down":  { "uv": [ 8, 4, 8.25, 4.25 ], "rotation":90, "texture": "#main" }
            }
        }, 
        {
            "from": [ 12, 4, -2 ], 
            "to":   [ 13, 12, -1 ], 
            "rotation": { "angle": -45, "axis": "z", "origin": [-2, -3, -19] }, 
            "faces": {
                "north": { "uv": [ 8, 4, 10, 4.25 ], "rotation":90, "texture": "#main" }, 
                "east":  { "uv": [ 8, 4, 10, 4.25 ], "rotation":270, "texture": "#main" }, 
                "south": { "uv": [ 8, 4, 10, 4.25 ], "rotation":270, "texture": "#main" }, 
                "west":  { "uv": [ 8, 4, 10, 4.25 ], "rotation":270, "texture": "#main" }, 
                "up":    { "uv": [ 8, 4, 8.25, 4.25 ], "rotation":270, "texture": "#main" }, 
                "down":  { "uv": [ 8, 4, 8.25, 4.25 ], "rotation":270, "texture": "#main" }
            }
        }, 
        {
            "from": [ 5, -9, -2 ], 
            "to":   [ 13, -8, -1 ], 
            "rotation": { "angle": 0, "axis": "z", "origin": [-2, -3, -19] }, 
            "faces": {
                "north": { "uv": [ 8, 4, 10, 4.25 ], "texture": "#main" }, 
                "east":  { "uv": [ 8, 4, 8.25, 4.25 ], "texture": "#main" }, 
                "south": { "uv": [ 8, 4, 10, 4.25 ], "texture": "#main" }, 
                "west":  { "uv": [ 8, 4, 8.25, 4.25 ], "texture": "#main" }, 
                "up":    { "uv": [ 8, 4, 10, 4.25 ], "texture": "#main" }, 
                "down":  { "uv": [ 8, 4, 10, 4.25 ], "texture": "#main" }
            }
        }, 
        {
            "from": [ -1, -3, -2 ], 
            "to":   [ 7, -2, -1 ], 
            "rotation": { "angle": -45, "axis": "z", "origin": [-2, -3, -19] }, 
            "faces": {
                "north": { "uv": [ 8, 4, 10, 4.25 ], "texture": "#main" }, 
                "east":  { "uv": [ 8, 4, 8.25, 4.25 ], "texture": "#main" }, 
                "south": { "uv": [ 8, 4, 10, 4.25 ], "texture": "#main" }, 
                "west":  { "uv": [ 8, 4, 8.25, 4.25 ], "texture": "#main" }, 
                "up":    { "uv": [ 8, 4, 10, 4.25 ], "texture": "#main" }, 
                "down":  { "uv": [ 8, 4, 10, 4.25 ], "texture": "#main" }
            }
        }, 
        {
            "from": [ -2, -3, -2 ], 
            "to":   [ -1, 5, -1 ], 
            "rotation": { "angle": 0, "axis": "z", "origin": [-2, -3, -19] }, 
            "faces": {
                "north": { "uv": [ 8, 4, 10, 4.25 ], "rotation":270, "texture": "#main" }, 
                "east":  { "uv": [ 8, 4, 10, 4.25 ], "rotation":90, "texture": "#main" }, 
                "south": { "uv": [ 8, 4, 10, 4.25 ], "rotation":90, "texture": "#main" }, 
                "west":  { "uv": [ 8, 4, 10, 4.25 ], "rotation":90, "texture": "#main" }, 
                "up":    { "uv": [ 8, 4, 8.25, 4.25 ], "rotation":90, "texture": "#main" }, 
                "down":  { "uv": [ 8, 4, 8.25, 4.25 ], "rotation":90, "texture": "#main" }
            }
        }, 
        {
            "from": [ -1, 17, -2 ], 
            "to":   [ 7, 18, -1 ], 
            "rotation": { "angle": -45, "axis": "z", "origin": [-2, -3, -19] }, 
            "faces": {
                "north": { "uv": [ 8, 4, 10, 4.25 ], "texture": "#main" }, 
                "east":  { "uv": [ 8, 4, 8.25, 4.25 ], "texture": "#main" }, 
                "south": { "uv": [ 8, 4, 10, 4.25 ], "texture": "#main" }, 
                "west":  { "uv": [ 8, 4, 8.25, 4.25 ], "texture": "#main" }, 
                "up":    { "uv": [ 8, 4, 10, 4.25 ], "texture": "#main" }, 
                "down":  { "uv": [ 8, 4, 10, 4.25 ], "texture": "#main" }
            }
        }, 
        {
            "from": [ 5, 11, -2 ], 
            "to":   [ 13, 12, -1 ], 
            "rotation": { "angle": 0, "axis": "z", "origin": [-2, -3, -19] }, 
            "faces": {
                "north": { "uv": [ 8, 4, 10, 4.25 ], "texture": "#main" }, 
                "east":  { "uv": [ 8, 4, 8.25, 4.25 ], "texture": "#main" }, 
                "south": { "uv": [ 8, 4, 10, 4.25 ], "texture": "#main" }, 
                "west":  { "uv": [ 8, 4, 8.25, 4.25 ], "texture": "#main" }, 
                "up":    { "uv": [ 8, 4, 10, 4.25 ], "texture": "#main" }, 
                "down":  { "uv": [ 8, 4, 10, 4.25 ], "texture": "#main" }
            }
        }, 
        {
            "from": [ -8, 4, -2 ], 
            "to":   [ -7, 12, -1 ], 
            "rotation": { "angle": -45, "axis": "z", "origin": [-2, -3, -19] }, 
            "faces": {
                "north": { "uv": [ 8, 4, 10, 4.25 ], "rotation":90, "texture": "#main" }, 
                "east":  { "uv": [ 8, 4, 10, 4.25 ], "rotation":270, "texture": "#main" }, 
                "south": { "uv": [ 8, 4, 10, 4.25 ], "rotation":270, "texture": "#main" }, 
                "west":  { "uv": [ 8, 4, 10, 4.25 ], "rotation":270, "texture": "#main" }, 
                "up":    { "uv": [ 8, 4, 8.25, 4.25 ], "rotation":270, "texture": "#main" }, 
                "down":  { "uv": [ 8, 4, 8.25, 4.25 ], "rotation":270, "texture": "#main" }
            }
        }
    ], 
    "display": {
        "thirdperson_righthand": {
            "rotation": [ 68.75, 90, 0 ], 
            "translation": [ 0, 14.75, -0.5 ]
        }, 
        "head": {
            "rotation": [ 0, 90, 0 ], 
            "translation": [ 0, -28, 0.75 ]
        }
    }, 
    "groups": [
        {
            "name": "whole", 
            "origin": [
                8, 
                8, 
                8
            ], 
            "color": 0, 
            "children": [
                {
                    "name": "base", 
                    "origin": [
                        8, 
                        8, 
                        8
                    ], 
                    "color": 0, 
                    "children": [
                        0, 
                        1, 
                        2, 
                        3, 
                        4, 
                        5, 
                        6
                    ]
                }, 
                {
                    "name": "cannon", 
                    "origin": [
                        8, 
                        8, 
                        8
                    ], 
                    "color": 0, 
                    "children": [
                        7, 
                        8
                    ]
                }, 
                {
                    "name": "while", 
                    "origin": [
                        8, 
                        8, 
                        8
                    ], 
                    "color": 0, 
                    "children": [
                        {
                            "name": "while1", 
                            "origin": [
                                7.5, 
                                7.5, 
                                7.5
                            ], 
                            "color": 0, 
                            "children": [
                                9, 
                                10, 
                                11, 
                                12, 
                                {
                                    "name": "group", 
                                    "origin": [
                                        7.5, 
                                        7.5, 
                                        7.5
                                    ], 
                                    "color": 0, 
                                    "children": [
                                        13, 
                                        14, 
                                        15, 
                                        16, 
                                        17, 
                                        18, 
                                        19, 
                                        20
                                    ]
                                }
                            ]
                        }, 
                        {
                            "name": "while2", 
                            "origin": [
                                7.5, 
                                7.5, 
                                7.5
                            ], 
                            "color": 0, 
                            "children": [
                                21, 
                                22, 
                                23, 
                                24, 
                                {
                                    "name": "group", 
                                    "origin": [
                                        7.5, 
                                        7.5, 
                                        7.5
                                    ], 
                                    "color": 0, 
                                    "children": [
                                        25, 
                                        26, 
                                        27, 
                                        28, 
                                        29, 
                                        30, 
                                        31, 
                                        32
                                    ]
                                }
                            ]
                        }
                    ]
                }
            ]
        }
    ], 
    "__comment": "Model animated using Fizzy's model animator - http://fizzy81.github.io/animated-models/"
}