{
	"credit": "Made with Blockbench",
	"textures": {
		"0": "block/iron_block",
		"2": "block/wool_colored_lime",
		"particle": "block/iron_block"
	},
	"elements": [
		{
			"from": [5, 5, 3],
			"to": [19, 10, 16],
			"rotation": {"angle": 0, "axis": "y", "origin": [0, 6, 0]},
			"faces": {
				"north": {"uv": [0, 0, 14, 5], "texture": "#0"},
				"east": {"uv": [0, 0, 13, 5], "texture": "#0"},
				"south": {"uv": [0, 0, 14, 5], "texture": "#0"},
				"west": {"uv": [0, 0, 13, 5], "texture": "#0"},
				"up": {"uv": [0, 0, 14, 13], "texture": "#0"},
				"down": {"uv": [0, 0, 14, 13], "texture": "#0"}
			}
		},
		{
			"from": [19, 2, 0],
			"to": [23, 5, 19],
			"rotation": {"angle": 0, "axis": "y", "origin": [0, 6, 0]},
			"faces": {
				"north": {"uv": [0, 0, 4, 3], "texture": "#0"},
				"east": {"uv": [0, 0, 16, 3], "texture": "#0"},
				"south": {"uv": [0, 0, 4, 3], "texture": "#0"},
				"west": {"uv": [0, 0, 16, 3], "texture": "#0"},
				"up": {"uv": [0, 0, 4, 16], "texture": "#0"},
				"down": {"uv": [0, 0, 4, 16], "texture": "#0"}
			}
		},
		{
			"from": [1, 2, 0],
			"to": [5, 5, 19],
			"rotation": {"angle": 0, "axis": "y", "origin": [0, 6, 0]},
			"faces": {
				"north": {"uv": [0, 0, 4, 3], "texture": "#0"},
				"east": {"uv": [0, 0, 16, 3], "texture": "#0"},
				"south": {"uv": [0, 0, 4, 3], "texture": "#0"},
				"west": {"uv": [0, 0, 16, 3], "texture": "#0"},
				"up": {"uv": [0, 0, 4, 16], "texture": "#0"},
				"down": {"uv": [0, 0, 4, 16], "texture": "#0"}
			}
		},
		{
			"from": [5, 2, 16],
			"to": [19, 5, 19],
			"rotation": {"angle": 0, "axis": "y", "origin": [0, 6, 0]},
			"faces": {
				"north": {"uv": [0, 0, 14, 3], "texture": "#0"},
				"east": {"uv": [0, 0, 3, 3], "texture": "#0"},
				"south": {"uv": [0, 0, 14, 3], "texture": "#0"},
				"west": {"uv": [0, 0, 3, 3], "texture": "#0"},
				"up": {"uv": [0, 0, 14, 3], "texture": "#0"},
				"down": {"uv": [0, 0, 14, 3], "texture": "#0"}
			}
		},
		{
			"from": [5, 2, 0],
			"to": [19, 5, 3],
			"rotation": {"angle": 0, "axis": "y", "origin": [0, 6, 0]},
			"faces": {
				"north": {"uv": [0, 0, 14, 3], "texture": "#0"},
				"east": {"uv": [0, 0, 3, 3], "texture": "#0"},
				"south": {"uv": [0, 0, 14, 3], "texture": "#0"},
				"west": {"uv": [0, 0, 3, 3], "texture": "#0"},
				"up": {"uv": [0, 0, 14, 3], "texture": "#0"},
				"down": {"uv": [0, 0, 14, 3], "texture": "#0"}
			}
		},
		{
			"from": [12, -2, 15],
			"to": [13, 0, 21],
			"rotation": {"angle": -22.5, "axis": "x", "origin": [0, 0, 0]},
			"faces": {
				"north": {"uv": [0, 0, 1, 2], "texture": "#2"},
				"east": {"uv": [0, 0, 6, 2], "texture": "#2"},
				"south": {"uv": [0, 0, 1, 2], "texture": "#2"},
				"west": {"uv": [0, 0, 6, 2], "texture": "#2"},
				"up": {"uv": [0, 0, 1, 6], "rotation": 180, "texture": "#2"},
				"down": {"uv": [0, 0, 1, 6], "rotation": 180, "texture": "#2"}
			}
		},
		{
			"from": [11, 5, 13],
			"to": [12, 7, 21],
			"rotation": {"angle": -22.5, "axis": "x", "origin": [0, 0, 0]},
			"faces": {
				"north": {"uv": [0, 0, 1, 2], "texture": "#2"},
				"east": {"uv": [0, 0, 8, 2], "texture": "#2"},
				"south": {"uv": [0, 0, 1, 2], "texture": "#2"},
				"west": {"uv": [0, 0, 8, 2], "texture": "#2"},
				"up": {"uv": [0, 0, 1, 8], "rotation": 180, "texture": "#2"},
				"down": {"uv": [0, 0, 1, 8], "rotation": 180, "texture": "#2"}
			}
		},
		{
			"from": [11, 0, 16],
			"to": [13, 3, 26],
			"rotation": {"angle": -22.5, "axis": "x", "origin": [0, 0, 0]},
			"faces": {
				"north": {"uv": [0, 0, 2, 3], "texture": "#2"},
				"east": {"uv": [0, 0, 10, 3], "texture": "#2"},
				"south": {"uv": [0, 0, 2, 3], "texture": "#2"},
				"west": {"uv": [0, 0, 10, 3], "texture": "#2"},
				"up": {"uv": [0, 0, 2, 10], "rotation": 180, "texture": "#2"},
				"down": {"uv": [0, 0, 2, 10], "rotation": 180, "texture": "#2"}
			}
		},
		{
			"from": [11, 3, 11],
			"to": [13, 6, 24],
			"rotation": {"angle": -22.5, "axis": "x", "origin": [0, 0, 0]},
			"faces": {
				"north": {"uv": [0, 0, 2, 3], "texture": "#2"},
				"east": {"uv": [0, 0, 13, 3], "texture": "#2"},
				"south": {"uv": [0, 0, 2, 3], "texture": "#2"},
				"west": {"uv": [0, 0, 13, 3], "texture": "#2"},
				"up": {"uv": [0, 0, 2, 13], "rotation": 180, "texture": "#2"},
				"down": {"uv": [0, 0, 2, 13], "rotation": 180, "texture": "#2"}
			}
		}
	],
	"display": {
		"thirdperson_righthand": {
			"rotation": [94.25, -84, 20.5],
			"translation": [2, 4.5, 0.25]
		},
		"thirdperson_lefthand": {
			"rotation": [96.5, 172.5, 305],
			"translation": [-4.75, -1, 3]
		},
		"head": {
			"rotation": [-179.75, -180, -180],
			"translation": [-4, -31.5, -1.5]
		}
	},
	"groups": [
		{
			"name": "group",
			"origin": [0, 0, 0],
			"color": 0,
			"children": [0, 1, 2, 3, 4,
				{
					"name": "group",
					"origin": [0, 0, 0],
					"color": 0,
					"children": [5, 6, 7, 8]
				}
			]
		}
	]
}