{
	"credit": "Made with Blockbench",
	"textures": {
		"0": "block/iron_block",
		"2": "block/planks_big_oak",
		"particle": "block/iron_block"
	},
	"elements": [
		{
			"from": [-7, 6.75, 10.5],
			"to": [-6, 7.75, 11.5],
			"rotation": {"angle": -45, "axis": "z", "origin": [9, 0, 11]},
			"faces": {
				"north": {"uv": [0, 0, 1, 1], "rotation": 90, "texture": "#0"},
				"east": {"uv": [0, 0, 1, 1], "rotation": 270, "texture": "#0"},
				"south": {"uv": [0, 0, 1, 1], "rotation": 90, "texture": "#0"},
				"west": {"uv": [0, 0, 1, 1], "rotation": 90, "texture": "#0"},
				"up": {"uv": [0, 0, 1, 1], "rotation": 180, "texture": "#0"},
				"down": {"uv": [0, 0, 1, 1], "texture": "#0"}
			}
		},
		{
			"from": [-13, 7.5, 10.5],
			"to": [5, 7.75, 11.5],
			"rotation": {"angle": -45, "axis": "z", "origin": [9, 0, 11]},
			"faces": {
				"north": {"uv": [0, 0, 0.25, 16], "rotation": 90, "texture": "#0"},
				"east": {"uv": [0, 0, 0.25, 1], "rotation": 270, "texture": "#0"},
				"south": {"uv": [0, 0, 0.25, 16], "rotation": 90, "texture": "#0"},
				"west": {"uv": [0, 0, 0.25, 1], "rotation": 90, "texture": "#0"},
				"up": {"uv": [0, 0, 16, 1], "rotation": 180, "texture": "#0"},
				"down": {"uv": [0, 0, 16, 1], "texture": "#0"}
			}
		},
		{
			"from": [-14, 6.5, 10],
			"to": [-13, 7.75, 12],
			"rotation": {"angle": -45, "axis": "z", "origin": [9, 0, 11]},
			"faces": {
				"north": {"uv": [0, 0, 1.25, 1], "rotation": 90, "texture": "#0"},
				"east": {"uv": [0, 0, 1.25, 2], "rotation": 270, "texture": "#0"},
				"south": {"uv": [0, 0, 1.25, 1], "rotation": 90, "texture": "#0"},
				"west": {"uv": [0, 0, 1.25, 2], "rotation": 90, "texture": "#0"},
				"up": {"uv": [0, 0, 1, 2], "rotation": 180, "texture": "#0"},
				"down": {"uv": [0, 0, 1, 2], "texture": "#0"}
			}
		},
		{
			"from": [4, 6.5, 10.5],
			"to": [7, 6, 11.5],
			"rotation": {"angle": -45, "axis": "z", "origin": [9, 0, 11]},
			"faces": {
				"north": {"uv": [0, 0, 0, 3], "rotation": 90, "texture": "#0"},
				"east": {"uv": [0, 0, 0, 1], "rotation": 270, "texture": "#0"},
				"south": {"uv": [0, 0, 0, 3], "rotation": 90, "texture": "#0"},
				"west": {"uv": [0, 0, 0, 1], "rotation": 90, "texture": "#0"},
				"up": {"uv": [0, 0, 3, 1], "rotation": 180, "texture": "#0"},
				"down": {"uv": [0, 0, 3, 1], "texture": "#0"}
			}
		},
		{
			"from": [9, 4.25, 10],
			"to": [14, 6.75, 12],
			"rotation": {"angle": -45, "axis": "z", "origin": [9, 0, 11]},
			"faces": {
				"north": {"uv": [0, 0, 2.5, 5], "rotation": 90, "texture": "#2"},
				"east": {"uv": [0, 0, 2.5, 2], "rotation": 270, "texture": "#2"},
				"south": {"uv": [0, 0, 2.5, 5], "rotation": 90, "texture": "#2"},
				"west": {"uv": [0, 0, 2.5, 2], "rotation": 90, "texture": "#2"},
				"up": {"uv": [0, 0, 5, 2], "rotation": 180, "texture": "#2"},
				"down": {"uv": [0, 0, 5, 2], "texture": "#2"}
			}
		},
		{
			"from": [14, 3, 10],
			"to": [15, 7.5, 12],
			"rotation": {"angle": -45, "axis": "z", "origin": [9, 0, 11]},
			"faces": {
				"north": {"uv": [0, 0, 4.5, 1], "rotation": 90, "texture": "#2"},
				"east": {"uv": [0, 0, 4.5, 2], "rotation": 270, "texture": "#2"},
				"south": {"uv": [0, 0, 4.5, 1], "rotation": 90, "texture": "#2"},
				"west": {"uv": [0, 0, 4.5, 2], "rotation": 90, "texture": "#2"},
				"up": {"uv": [0, 0, 1, 2], "rotation": 180, "texture": "#2"},
				"down": {"uv": [0, 0, 1, 2], "texture": "#2"}
			}
		},
		{
			"from": [9, 6.75, 10.5],
			"to": [12, 7, 11.5],
			"rotation": {"angle": -45, "axis": "z", "origin": [9, 0, 11]},
			"faces": {
				"north": {"uv": [0, 0, 0.25, 3], "rotation": 90, "texture": "#0"},
				"east": {"uv": [0, 0, 0.25, 1], "rotation": 270, "texture": "#0"},
				"south": {"uv": [0, 0, 0.25, 3], "rotation": 90, "texture": "#0"},
				"west": {"uv": [0, 0, 0.25, 1], "rotation": 90, "texture": "#0"},
				"up": {"uv": [0, 0, 3, 1], "rotation": 180, "texture": "#0"},
				"down": {"uv": [0, 0, 3, 1], "texture": "#0"}
			}
		},
		{
			"from": [7, 6, 10],
			"to": [9, 7.5, 12],
			"rotation": {"angle": -45, "axis": "z", "origin": [9, 0, 11]},
			"faces": {
				"north": {"uv": [0, 0, 1.5, 2], "rotation": 90, "texture": "#2"},
				"east": {"uv": [0, 0, 1.5, 2], "rotation": 270, "texture": "#2"},
				"south": {"uv": [0, 0, 1.5, 2], "rotation": 90, "texture": "#2"},
				"west": {"uv": [0, 0, 1.5, 2], "rotation": 90, "texture": "#2"},
				"up": {"uv": [0, 0, 2, 2], "rotation": 180, "texture": "#2"},
				"down": {"uv": [0, 0, 2, 2], "texture": "#2"}
			}
		},
		{
			"from": [13, 6, 10.5],
			"to": [15, 6.25, 11.5],
			"rotation": {"angle": 0, "axis": "y", "origin": [9, 0, 11]},
			"faces": {
				"north": {"uv": [0, 0, 0.25, 2], "rotation": 90, "texture": "#0"},
				"east": {"uv": [0, 0, 0.25, 1], "rotation": 270, "texture": "#0"},
				"south": {"uv": [0, 0, 0.25, 2], "rotation": 90, "texture": "#0"},
				"west": {"uv": [0, 0, 0.25, 1], "rotation": 90, "texture": "#0"},
				"up": {"uv": [0, 0, 2, 1], "rotation": 180, "texture": "#0"},
				"down": {"uv": [0, 0, 2, 1], "texture": "#0"}
			}
		},
		{
			"from": [-13, 6.5, 10],
			"to": [7, 7.5, 12],
			"rotation": {"angle": -45, "axis": "z", "origin": [9, 0, 11]},
			"faces": {
				"north": {"uv": [0, 0, 1, 16], "rotation": 90, "texture": "#2"},
				"east": {"uv": [0, 0, 1, 2], "rotation": 270, "texture": "#2"},
				"south": {"uv": [0, 0, 1, 16], "rotation": 90, "texture": "#2"},
				"west": {"uv": [0, 0, 1, 2], "rotation": 90, "texture": "#2"},
				"up": {"uv": [0, 0, 16, 2], "rotation": 180, "texture": "#2"},
				"down": {"uv": [0, 0, 16, 2], "texture": "#2"}
			}
		}
	],
	"display": {
		"thirdperson_righthand": {
			"rotation": [132.5, 8.75, 174.25],
			"translation": [-5, -5, 7]
		},
		"thirdperson_lefthand": {
			"rotation": [0.5, 95.5, -67],
			"translation": [-15.25, -1.5, 0.75]
		},
		"head": {
			"rotation": [88.25, -88.75, 77],
			"translation": [11.5, -19.75, -13.5]
		}
	},
	"groups": [
		{
			"name": "whole",
			"origin": [8, 8, 8],
			"color": 0,
			"children": [0, 1, 2, 3, 4, 5, 6, 7, 8, 9]
		}
	]
}