{
	"credit": "Made with Blockbench",
	"textures": {
		"0": "block/iron_block",
		"2": "block/planks_big_oak",
		"3": "block/planks_oak",
		"particle": "block/iron_block"
	},
	"elements": [
		{
			"from": [-7, 6.75, 10.5],
			"to": [-6, 7.75, 11.5],
			"rotation": {"angle": -45, "axis": "z", "origin": [9, 0, 11]},
			"faces": {
				"north": {"uv": [0, 0, 1, 1], "rotation": 90, "texture": "#0"},
				"east": {"uv": [0, 0, 1, 1], "rotation": 270, "texture": "#0"},
				"south": {"uv": [0, 0, 1, 1], "rotation": 90, "texture": "#0"},
				"west": {"uv": [0, 0, 1, 1], "rotation": 90, "texture": "#0"},
				"up": {"uv": [0, 0, 1, 1], "rotation": 180, "texture": "#0"},
				"down": {"uv": [0, 0, 1, 1], "texture": "#0"}
			}
		},
		{
			"from": [-6, 7.5, 10.5],
			"to": [7, 7.75, 11.5],
			"rotation": {"angle": -45, "axis": "z", "origin": [9, 0, 11]},
			"faces": {
				"north": {"uv": [0, 0, 0.25, 13], "rotation": 90, "texture": "#0"},
				"east": {"uv": [0, 0, 0.25, 1], "rotation": 270, "texture": "#0"},
				"south": {"uv": [0, 0, 0.25, 13], "rotation": 90, "texture": "#0"},
				"west": {"uv": [0, 0, 0.25, 1], "rotation": 90, "texture": "#0"},
				"up": {"uv": [0, 0, 13, 1], "rotation": 180, "texture": "#0"},
				"down": {"uv": [0, 0, 13, 1], "texture": "#0"}
			}
		},
		{
			"from": [12, 4.25, 10],
			"to": [16, 6.75, 12],
			"rotation": {"angle": -45, "axis": "z", "origin": [9, 0, 11]},
			"faces": {
				"north": {"uv": [0, 0, 2.5, 4], "rotation": 90, "texture": "#2"},
				"east": {"uv": [0, 0, 2.5, 2], "rotation": 270, "texture": "#2"},
				"south": {"uv": [0, 0, 2.5, 4], "rotation": 90, "texture": "#2"},
				"west": {"uv": [0, 0, 2.5, 2], "rotation": 90, "texture": "#2"},
				"up": {"uv": [0, 0, 4, 2], "rotation": 180, "texture": "#2"},
				"down": {"uv": [0, 0, 4, 2], "texture": "#2"}
			}
		},
		{
			"from": [9, 6, 10],
			"to": [12, 7.5, 12],
			"rotation": {"angle": -45, "axis": "z", "origin": [9, 0, 11]},
			"faces": {
				"north": {"uv": [0, 0, 1.5, 3], "rotation": 90, "texture": "#2"},
				"east": {"uv": [0, 0, 1.5, 2], "rotation": 270, "texture": "#2"},
				"south": {"uv": [0, 0, 1.5, 3], "rotation": 90, "texture": "#2"},
				"west": {"uv": [0, 0, 1.5, 2], "rotation": 90, "texture": "#2"},
				"up": {"uv": [0, 0, 3, 2], "rotation": 180, "texture": "#2"},
				"down": {"uv": [0, 0, 3, 2], "texture": "#2"}
			}
		},
		{
			"from": [16, 1, 10.5],
			"to": [16.25, 4, 11.5],
			"rotation": {"angle": 22.5, "axis": "z", "origin": [9, 0, 11]},
			"faces": {
				"north": {"uv": [0, 0, 0.25, 3], "texture": "#0"},
				"east": {"uv": [0, 0, 3, 1], "rotation": 270, "texture": "#0"},
				"south": {"uv": [0, 0, 0.25, 3], "rotation": 180, "texture": "#0"},
				"west": {"uv": [0, 0, 3, 1], "rotation": 90, "texture": "#0"},
				"up": {"uv": [0, 0, 0.25, 1], "rotation": 180, "texture": "#0"},
				"down": {"uv": [0, 0, 0.25, 1], "texture": "#0"}
			}
		},
		{
			"from": [-6, 6.5, 10],
			"to": [9, 7.5, 12],
			"rotation": {"angle": -45, "axis": "z", "origin": [9, 0, 11]},
			"faces": {
				"north": {"uv": [0, 0, 1, 15], "rotation": 90, "texture": "#2"},
				"east": {"uv": [0, 0, 1, 2], "rotation": 270, "texture": "#2"},
				"south": {"uv": [0, 0, 1, 15], "rotation": 90, "texture": "#2"},
				"west": {"uv": [0, 0, 1, 2], "rotation": 90, "texture": "#2"},
				"up": {"uv": [0, 0, 15, 2], "rotation": 180, "texture": "#2"},
				"down": {"uv": [0, 0, 15, 2], "texture": "#2"}
			}
		},
		{
			"from": [13, 3.5, 15],
			"to": [13.25, 6.5, 15.25],
			"rotation": {"angle": -22.5, "axis": "x", "origin": [9, 0, 10]},
			"faces": {
				"north": {"uv": [0, 0, 3, 0.25], "rotation": 270, "texture": "#3"},
				"east": {"uv": [0, 0, 3, 0.25], "rotation": 90, "texture": "#3"},
				"south": {"uv": [0, 0, 3, 0.25], "rotation": 270, "texture": "#3"},
				"west": {"uv": [0, 0, 3, 0.25], "rotation": 270, "texture": "#3"},
				"up": {"uv": [0, 0, 0.25, 0.25], "texture": "#3"},
				"down": {"uv": [0, 0, 0.25, 0.25], "rotation": 180, "texture": "#3"}
			}
		},
		{
			"from": [13, 7, 5.25],
			"to": [13.25, 7.25, 6.25],
			"rotation": {"angle": 45, "axis": "x", "origin": [9, 0, 10]},
			"faces": {
				"north": {"uv": [0, 0, 0.25, 0.25], "rotation": 180, "texture": "#3"},
				"east": {"uv": [0, 0, 1, 0.25], "rotation": 180, "texture": "#3"},
				"south": {"uv": [0, 0, 0.25, 0.25], "rotation": 180, "texture": "#3"},
				"west": {"uv": [0, 0, 1, 0.25], "rotation": 180, "texture": "#3"},
				"up": {"uv": [0, 0, 1, 0.25], "rotation": 270, "texture": "#3"},
				"down": {"uv": [0, 0, 1, 0.25], "rotation": 90, "texture": "#3"}
			}
		},
		{
			"from": [13, 6, 5.25],
			"to": [13.25, 7, 5.5],
			"rotation": {"angle": 45, "axis": "x", "origin": [9, 0, 10]},
			"faces": {
				"north": {"uv": [0, 0, 1, 0.25], "rotation": 90, "texture": "#3"},
				"east": {"uv": [0, 0, 1, 0.25], "rotation": 270, "texture": "#3"},
				"south": {"uv": [0, 0, 1, 0.25], "rotation": 90, "texture": "#3"},
				"west": {"uv": [0, 0, 1, 0.25], "rotation": 90, "texture": "#3"},
				"up": {"uv": [0, 0, 0.25, 0.25], "rotation": 180, "texture": "#3"},
				"down": {"uv": [0, 0, 0.25, 0.25], "texture": "#3"}
			}
		},
		{
			"from": [13, 5.5, 8],
			"to": [13.25, 7.5, 8.25],
			"rotation": {"angle": 22.5, "axis": "x", "origin": [9, 0, 10]},
			"faces": {
				"north": {"uv": [0, 0, 2, 0.25], "rotation": 90, "texture": "#3"},
				"east": {"uv": [0, 0, 2, 0.25], "rotation": 270, "texture": "#3"},
				"south": {"uv": [0, 0, 2, 0.25], "rotation": 90, "texture": "#3"},
				"west": {"uv": [0, 0, 2, 0.25], "rotation": 90, "texture": "#3"},
				"up": {"uv": [0, 0, 0.25, 0.25], "rotation": 180, "texture": "#3"},
				"down": {"uv": [0, 0, 0.25, 0.25], "texture": "#3"}
			}
		}
	],
	"display": {
		"thirdperson_righthand": {
			"rotation": [85, -84, 148.5],
			"translation": [2, -3.5, -5.5]
		},
		"thirdperson_lefthand": {
			"rotation": [-12, 202.5, -45.25],
			"translation": [-4.75, -1, 8]
		},
		"head": {
			"rotation": [88.25, -88.75, 77],
			"translation": [11.5, -19.75, -13.5]
		}
	},
	"groups": [
		{
			"name": "whole",
			"origin": [8, 8, 8],
			"color": 0,
			"children": [0, 1, 2, 3, 4, 5,
				{
					"name": "group",
					"origin": [9, 0, 11],
					"color": 0,
					"children": [6, 7, 8, 9]
				}
			]
		}
	]
}