{
	"credit": "Made with Blockbench",
	"textures": {
		"0": "block/iron_block",
		"2": "block/planks_big_oak",
		"particle": "block/iron_block"
	},
	"elements": [
		{
			"from": [0, 6.75, 10.5],
			"to": [1, 7.75, 11.5],
			"rotation": {"angle": -45, "axis": "z", "origin": [9, 0, 11]},
			"faces": {
				"north": {"uv": [0, 0, 1, 1], "rotation": 90, "texture": "#0"},
				"east": {"uv": [0, 0, 1, 1], "rotation": 270, "texture": "#0"},
				"south": {"uv": [0, 0, 1, 1], "rotation": 90, "texture": "#0"},
				"west": {"uv": [0, 0, 1, 1], "rotation": 90, "texture": "#0"},
				"up": {"uv": [0, 0, 1, 1], "rotation": 180, "texture": "#0"},
				"down": {"uv": [0, 0, 1, 1], "texture": "#0"}
			}
		},
		{
			"from": [1, 7.5, 10.5],
			"to": [7, 7.75, 11.5],
			"rotation": {"angle": -45, "axis": "z", "origin": [9, 0, 11]},
			"faces": {
				"north": {"uv": [0, 0, 0.25, 6], "rotation": 90, "texture": "#0"},
				"east": {"uv": [0, 0, 0.25, 1], "rotation": 270, "texture": "#0"},
				"south": {"uv": [0, 0, 0.25, 6], "rotation": 90, "texture": "#0"},
				"west": {"uv": [0, 0, 0.25, 1], "rotation": 90, "texture": "#0"},
				"up": {"uv": [0, 0, 6, 1], "rotation": 180, "texture": "#0"},
				"down": {"uv": [0, 0, 6, 1], "texture": "#0"}
			}
		},
		{
			"from": [11, 3.25, 10],
			"to": [13, 5.75, 12],
			"rotation": {"angle": -45, "axis": "z", "origin": [9, 0, 11]},
			"faces": {
				"north": {"uv": [0, 0, 2.5, 2], "rotation": 90, "texture": "#2"},
				"east": {"uv": [0, 0, 2.5, 2], "rotation": 270, "texture": "#2"},
				"south": {"uv": [0, 0, 2.5, 2], "rotation": 90, "texture": "#2"},
				"west": {"uv": [0, 0, 2.5, 2], "rotation": 90, "texture": "#2"},
				"up": {"uv": [0, 0, 2, 2], "rotation": 180, "texture": "#2"},
				"down": {"uv": [0, 0, 2, 2], "texture": "#2"}
			}
		},
		{
			"from": [9, 5, 10],
			"to": [11, 6.5, 12],
			"rotation": {"angle": -45, "axis": "z", "origin": [9, 0, 11]},
			"faces": {
				"north": {"uv": [0, 0, 1.5, 2], "rotation": 90, "texture": "#2"},
				"east": {"uv": [0, 0, 1.5, 2], "rotation": 270, "texture": "#2"},
				"south": {"uv": [0, 0, 1.5, 2], "rotation": 90, "texture": "#2"},
				"west": {"uv": [0, 0, 1.5, 2], "rotation": 90, "texture": "#2"},
				"up": {"uv": [0, 0, 2, 2], "rotation": 180, "texture": "#2"},
				"down": {"uv": [0, 0, 2, 2], "texture": "#2"}
			}
		},
		{
			"from": [11, 5, 10.5],
			"to": [14, 5.25, 11.5],
			"rotation": {"angle": 0, "axis": "z", "origin": [9, 0, 11]},
			"faces": {
				"north": {"uv": [0, 0, 0.25, 3], "rotation": 90, "texture": "#0"},
				"east": {"uv": [0, 0, 0.25, 1], "rotation": 270, "texture": "#0"},
				"south": {"uv": [0, 0, 0.25, 3], "rotation": 90, "texture": "#0"},
				"west": {"uv": [0, 0, 0.25, 1], "rotation": 90, "texture": "#0"},
				"up": {"uv": [0, 0, 3, 1], "rotation": 180, "texture": "#0"},
				"down": {"uv": [0, 0, 3, 1], "texture": "#0"}
			}
		},
		{
			"from": [14, 3, 10.5],
			"to": [14.25, 6, 11.5],
			"rotation": {"angle": 0, "axis": "z", "origin": [9, 0, 11]},
			"faces": {
				"north": {"uv": [0, 0, 0.25, 3], "texture": "#0"},
				"east": {"uv": [0, 0, 3, 1], "rotation": 270, "texture": "#0"},
				"south": {"uv": [0, 0, 0.25, 3], "rotation": 180, "texture": "#0"},
				"west": {"uv": [0, 0, 3, 1], "rotation": 90, "texture": "#0"},
				"up": {"uv": [0, 0, 0.25, 1], "rotation": 180, "texture": "#0"},
				"down": {"uv": [0, 0, 0.25, 1], "texture": "#0"}
			}
		},
		{
			"from": [1, 6.5, 10],
			"to": [10, 7.5, 12],
			"rotation": {"angle": -45, "axis": "z", "origin": [9, 0, 11]},
			"faces": {
				"north": {"uv": [0, 0, 1, 9], "rotation": 90, "texture": "#2"},
				"east": {"uv": [0, 0, 1, 2], "rotation": 270, "texture": "#2"},
				"south": {"uv": [0, 0, 1, 9], "rotation": 90, "texture": "#2"},
				"west": {"uv": [0, 0, 1, 2], "rotation": 90, "texture": "#2"},
				"up": {"uv": [0, 0, 9, 2], "rotation": 180, "texture": "#2"},
				"down": {"uv": [0, 0, 9, 2], "texture": "#2"}
			}
		}
	],
	"display": {
		"thirdperson_righthand": {
			"rotation": [75, -84, 148.5],
			"translation": [4, -3.25, -4.75]
		},
		"thirdperson_lefthand": {
			"rotation": [-95.75, 94.75, 32.5],
			"translation": [-2.5, -2, -5.25]
		},
		"head": {
			"rotation": [88.25, -88.75, 77],
			"translation": [11.5, -19.75, -13.5]
		}
	},
	"groups": [
		{
			"name": "whole",
			"origin": [8, 8, 8],
			"color": 0,
			"children": [0, 1, 2, 3, 4, 5, 6]
		}
	]
}