{
	"credit": "Made with Blockbench",
	"textures": {
		"0": "blocks/planks_oak",
		"1": "blocks/planks_big_oak",
		"2": "blocks/iron_block",
		"3": "blocks/coal_block",
		"particle": "blocks/planks_oak"
	},
	"elements": [
		{
			"from": [0, 5, 0],
			"to": [16, 8, 4],
			"rotation": {"angle": 0, "axis": "y", "origin": [8, 1, 8]},
			"faces": {
				"north": {"uv": [0, 0, 16, 3], "texture": "#0"},
				"east": {"uv": [0, 0, 4, 3], "texture": "#0"},
				"south": {"uv": [0, 0, 16, 3], "texture": "#0"},
				"west": {"uv": [0, 0, 4, 3], "texture": "#0"},
				"up": {"uv": [0, 0, 16, 4], "texture": "#0"},
				"down": {"uv": [0, 0, 16, 4], "texture": "#0"}
			}
		},
		{
			"from": [0, 5, 12],
			"to": [16, 8, 16],
			"rotation": {"angle": 0, "axis": "y", "origin": [8, 1, 8]},
			"faces": {
				"north": {"uv": [0, 0, 16, 3], "texture": "#0"},
				"east": {"uv": [0, 0, 4, 3], "texture": "#0"},
				"south": {"uv": [0, 0, 16, 3], "texture": "#0"},
				"west": {"uv": [0, 0, 4, 3], "texture": "#0"},
				"up": {"uv": [0, 0, 16, 4], "texture": "#0"},
				"down": {"uv": [0, 0, 16, 4], "texture": "#0"}
			}
		},
		{
			"from": [0, 1, 0],
			"to": [16, 5, 16],
			"rotation": {"angle": 0, "axis": "y", "origin": [8, 1, 8]},
			"faces": {
				"north": {"uv": [0, 0, 16, 4], "texture": "#0"},
				"east": {"uv": [0, 0, 16, 4], "texture": "#0"},
				"south": {"uv": [0, 0, 16, 4], "texture": "#0"},
				"west": {"uv": [0, 0, 16, 4], "texture": "#0"},
				"up": {"uv": [0, 0, 16, 16], "texture": "#0"},
				"down": {"uv": [0, 0, 16, 16], "texture": "#0"}
			}
		},
		{
			"from": [4, -1, 0],
			"to": [13, 1, 16],
			"rotation": {"angle": 0, "axis": "y", "origin": [0, -7, 0]},
			"faces": {
				"north": {"uv": [0, 0, 9, 2], "texture": "#0"},
				"east": {"uv": [0, 0, 16, 2], "texture": "#0"},
				"south": {"uv": [0, 0, 9, 2], "texture": "#0"},
				"west": {"uv": [0, 0, 16, 2], "texture": "#0"},
				"up": {"uv": [0, 0, 9, 16], "texture": "#0"},
				"down": {"uv": [0, 0, 9, 16], "texture": "#0"}
			}
		},
		{
			"from": [8, 0, -3],
			"to": [9, 1, 19],
			"rotation": {"angle": 0, "axis": "y", "origin": [0, -7, 0]},
			"faces": {
				"north": {"uv": [0, 0, 1, 1], "texture": "#0"},
				"east": {"uv": [0, 0, 16, 1], "texture": "#0"},
				"south": {"uv": [0, 0, 1, 1], "texture": "#0"},
				"west": {"uv": [0, 0, 16, 1], "texture": "#0"},
				"up": {"uv": [0, 0, 1, 16], "texture": "#0"},
				"down": {"uv": [0, 0, 1, 16], "texture": "#0"}
			}
		},
		{
			"from": [-2, 0, 4],
			"to": [4, 3, 12],
			"rotation": {"angle": 22.5, "axis": "z", "origin": [0, -7, 0]},
			"faces": {
				"north": {"uv": [0, 0, 6, 3], "texture": "#0"},
				"east": {"uv": [0, 0, 8, 3], "texture": "#0"},
				"south": {"uv": [0, 0, 6, 3], "texture": "#0"},
				"west": {"uv": [0, 0, 8, 3], "texture": "#0"},
				"up": {"uv": [0, 0, 8, 6], "rotation": 270, "texture": "#0"},
				"down": {"uv": [0, 0, 8, 6], "rotation": 90, "texture": "#0"}
			}
		},
		{
			"from": [-16, 1, 6],
			"to": [-2, 3, 10],
			"rotation": {"angle": 22.5, "axis": "z", "origin": [0, -7, 0]},
			"faces": {
				"north": {"uv": [0, 0, 14, 2], "texture": "#0"},
				"east": {"uv": [0, 0, 4, 2], "texture": "#0"},
				"south": {"uv": [0, 0, 14, 2], "texture": "#0"},
				"west": {"uv": [0, 0, 4, 2], "texture": "#0"},
				"up": {"uv": [0, 0, 14, 4], "texture": "#0"},
				"down": {"uv": [0, 0, 14, 4], "texture": "#0"}
			}
		},
		{
			"from": [-3, 5, 5],
			"to": [32, 10, 11],
			"rotation": {"angle": 0, "axis": "y", "origin": [0, -7, 0]},
			"faces": {
				"north": {"uv": [0, 0, 16, 5], "texture": "#3"},
				"east": {"uv": [0, 0, 6, 5], "texture": "#3"},
				"south": {"uv": [0, 0, 16, 5], "texture": "#3"},
				"west": {"uv": [0, 0, 6, 5], "texture": "#3"},
				"up": {"uv": [0, 0, 16, 6], "texture": "#3"},
				"down": {"uv": [0, 0, 16, 6], "texture": "#3"}
			}
		},
		{
			"from": [-4, 6, 6],
			"to": [-3, 9, 10],
			"rotation": {"angle": 0, "axis": "y", "origin": [0, -7, 0]},
			"faces": {
				"north": {"uv": [0, 0, 1, 3], "texture": "#3"},
				"east": {"uv": [0, 0, 4, 3], "texture": "#3"},
				"south": {"uv": [0, 0, 1, 3], "texture": "#3"},
				"west": {"uv": [0, 0, 4, 3], "texture": "#3"},
				"up": {"uv": [0, 0, 1, 4], "texture": "#3"},
				"down": {"uv": [0, 0, 1, 4], "texture": "#3"}
			}
		},
		{
			"from": [-2, 0.5, 17],
			"to": [19, 1.5, 18],
			"rotation": {"angle": 0, "axis": "y", "origin": [8, 1, 8]},
			"faces": {
				"north": {"uv": [0, 0, 1, 16], "rotation": 270, "texture": "#1"},
				"east": {"uv": [0, 0, 1, 1], "rotation": 90, "texture": "#1"},
				"south": {"uv": [0, 0, 1, 16], "rotation": 90, "texture": "#1"},
				"west": {"uv": [0, 0, 1, 1], "rotation": 90, "texture": "#1"},
				"up": {"uv": [0, 0, 1, 16], "rotation": 90, "texture": "#1"},
				"down": {"uv": [0, 0, 1, 16], "rotation": 90, "texture": "#1"}
			}
		},
		{
			"from": [8, -10, 17],
			"to": [9, 12, 18],
			"rotation": {"angle": 45, "axis": "z", "origin": [8, 1, 8]},
			"faces": {
				"north": {"uv": [0, 0, 1, 16], "rotation": 180, "texture": "#1"},
				"east": {"uv": [0, 0, 1, 16], "rotation": 180, "texture": "#1"},
				"south": {"uv": [0, 0, 1, 16], "rotation": 180, "texture": "#1"},
				"west": {"uv": [0, 0, 1, 16], "rotation": 180, "texture": "#1"},
				"up": {"uv": [0, 0, 1, 1], "rotation": 180, "texture": "#1"},
				"down": {"uv": [0, 0, 1, 1], "rotation": 180, "texture": "#1"}
			}
		},
		{
			"from": [-3, 0, 17],
			"to": [19, 1, 18],
			"rotation": {"angle": 45, "axis": "z", "origin": [8, 1, 8]},
			"faces": {
				"north": {"uv": [0, 0, 1, 16], "rotation": 90, "texture": "#1"},
				"east": {"uv": [0, 0, 1, 1], "rotation": 270, "texture": "#1"},
				"south": {"uv": [0, 0, 1, 16], "rotation": 270, "texture": "#1"},
				"west": {"uv": [0, 0, 1, 1], "rotation": 270, "texture": "#1"},
				"up": {"uv": [0, 0, 1, 16], "rotation": 270, "texture": "#1"},
				"down": {"uv": [0, 0, 1, 16], "rotation": 270, "texture": "#1"}
			}
		},
		{
			"from": [8, -10, 17],
			"to": [9, 12, 18],
			"rotation": {"angle": 0, "axis": "y", "origin": [8, 1, 8]},
			"faces": {
				"north": {"uv": [0, 0, 1, 16], "texture": "#1"},
				"east": {"uv": [0, 0, 1, 16], "texture": "#1"},
				"south": {"uv": [0, 0, 1, 16], "texture": "#1"},
				"west": {"uv": [0, 0, 1, 16], "texture": "#1"},
				"up": {"uv": [0, 0, 1, 1], "texture": "#1"},
				"down": {"uv": [0, 0, 1, 1], "texture": "#1"}
			}
		},
		{
			"from": [20, -7, 17],
			"to": [21, 1, 18],
			"rotation": {"angle": 22.5, "axis": "z", "origin": [0, -7, 0]},
			"faces": {
				"north": {"uv": [0, 0, 8, 1], "rotation": 270, "texture": "#2"},
				"east": {"uv": [0, 0, 8, 1], "rotation": 90, "texture": "#2"},
				"south": {"uv": [0, 0, 8, 1], "rotation": 90, "texture": "#2"},
				"west": {"uv": [0, 0, 8, 1], "rotation": 90, "texture": "#2"},
				"up": {"uv": [0, 0, 1, 1], "rotation": 90, "texture": "#2"},
				"down": {"uv": [0, 0, 1, 1], "rotation": 90, "texture": "#2"}
			}
		},
		{
			"from": [14, 0, 17],
			"to": [15, 8, 18],
			"rotation": {"angle": -22.5, "axis": "z", "origin": [0, -7, 0]},
			"faces": {
				"north": {"uv": [0, 0, 8, 1], "rotation": 90, "texture": "#2"},
				"east": {"uv": [0, 0, 8, 1], "rotation": 270, "texture": "#2"},
				"south": {"uv": [0, 0, 8, 1], "rotation": 270, "texture": "#2"},
				"west": {"uv": [0, 0, 8, 1], "rotation": 270, "texture": "#2"},
				"up": {"uv": [0, 0, 1, 1], "rotation": 270, "texture": "#2"},
				"down": {"uv": [0, 0, 1, 1], "rotation": 270, "texture": "#2"}
			}
		},
		{
			"from": [7, -13, 17],
			"to": [15, -12, 18],
			"rotation": {"angle": 22.5, "axis": "z", "origin": [0, -7, 0]},
			"faces": {
				"north": {"uv": [0, 0, 8, 1], "texture": "#2"},
				"east": {"uv": [0, 0, 1, 1], "texture": "#2"},
				"south": {"uv": [0, 0, 8, 1], "texture": "#2"},
				"west": {"uv": [0, 0, 1, 1], "texture": "#2"},
				"up": {"uv": [0, 0, 8, 1], "texture": "#2"},
				"down": {"uv": [0, 0, 8, 1], "texture": "#2"}
			}
		},
		{
			"from": [1, -7, 17],
			"to": [9, -6, 18],
			"rotation": {"angle": -22.5, "axis": "z", "origin": [0, -7, 0]},
			"faces": {
				"north": {"uv": [0, 0, 8, 1], "texture": "#2"},
				"east": {"uv": [0, 0, 1, 1], "texture": "#2"},
				"south": {"uv": [0, 0, 8, 1], "texture": "#2"},
				"west": {"uv": [0, 0, 1, 1], "texture": "#2"},
				"up": {"uv": [0, 0, 8, 1], "texture": "#2"},
				"down": {"uv": [0, 0, 8, 1], "texture": "#2"}
			}
		},
		{
			"from": [0, -7, 17],
			"to": [1, 1, 18],
			"rotation": {"angle": 22.5, "axis": "z", "origin": [0, -7, 0]},
			"faces": {
				"north": {"uv": [0, 0, 8, 1], "rotation": 270, "texture": "#2"},
				"east": {"uv": [0, 0, 8, 1], "rotation": 90, "texture": "#2"},
				"south": {"uv": [0, 0, 8, 1], "rotation": 90, "texture": "#2"},
				"west": {"uv": [0, 0, 8, 1], "rotation": 90, "texture": "#2"},
				"up": {"uv": [0, 0, 1, 1], "rotation": 90, "texture": "#2"},
				"down": {"uv": [0, 0, 1, 1], "rotation": 90, "texture": "#2"}
			}
		},
		{
			"from": [1, 13, 17],
			"to": [9, 14, 18],
			"rotation": {"angle": -22.5, "axis": "z", "origin": [0, -7, 0]},
			"faces": {
				"north": {"uv": [0, 0, 8, 1], "texture": "#2"},
				"east": {"uv": [0, 0, 1, 1], "texture": "#2"},
				"south": {"uv": [0, 0, 8, 1], "texture": "#2"},
				"west": {"uv": [0, 0, 1, 1], "texture": "#2"},
				"up": {"uv": [0, 0, 8, 1], "texture": "#2"},
				"down": {"uv": [0, 0, 8, 1], "texture": "#2"}
			}
		},
		{
			"from": [7, 7, 17],
			"to": [15, 8, 18],
			"rotation": {"angle": 22.5, "axis": "z", "origin": [0, -7, 0]},
			"faces": {
				"north": {"uv": [0, 0, 8, 1], "texture": "#2"},
				"east": {"uv": [0, 0, 1, 1], "texture": "#2"},
				"south": {"uv": [0, 0, 8, 1], "texture": "#2"},
				"west": {"uv": [0, 0, 1, 1], "texture": "#2"},
				"up": {"uv": [0, 0, 8, 1], "texture": "#2"},
				"down": {"uv": [0, 0, 8, 1], "texture": "#2"}
			}
		},
		{
			"from": [-6, 0, 17],
			"to": [-5, 8, 18],
			"rotation": {"angle": -22.5, "axis": "z", "origin": [0, -7, 0]},
			"faces": {
				"north": {"uv": [0, 0, 8, 1], "rotation": 90, "texture": "#2"},
				"east": {"uv": [0, 0, 8, 1], "rotation": 270, "texture": "#2"},
				"south": {"uv": [0, 0, 8, 1], "rotation": 270, "texture": "#2"},
				"west": {"uv": [0, 0, 8, 1], "rotation": 270, "texture": "#2"},
				"up": {"uv": [0, 0, 1, 1], "rotation": 270, "texture": "#2"},
				"down": {"uv": [0, 0, 1, 1], "rotation": 270, "texture": "#2"}
			}
		},
		{
			"from": [-2, 0.5, -2],
			"to": [19, 1.5, -1],
			"rotation": {"angle": 0, "axis": "y", "origin": [8, 1, -11]},
			"faces": {
				"north": {"uv": [0, 0, 1, 16], "rotation": 270, "texture": "#1"},
				"east": {"uv": [0, 0, 1, 1], "rotation": 90, "texture": "#1"},
				"south": {"uv": [0, 0, 1, 16], "rotation": 90, "texture": "#1"},
				"west": {"uv": [0, 0, 1, 1], "rotation": 90, "texture": "#1"},
				"up": {"uv": [0, 0, 1, 16], "rotation": 90, "texture": "#1"},
				"down": {"uv": [0, 0, 1, 16], "rotation": 90, "texture": "#1"}
			}
		},
		{
			"from": [8, -10, -2],
			"to": [9, 12, -1],
			"rotation": {"angle": 45, "axis": "z", "origin": [8, 1, -11]},
			"faces": {
				"north": {"uv": [0, 0, 1, 16], "rotation": 180, "texture": "#1"},
				"east": {"uv": [0, 0, 1, 16], "rotation": 180, "texture": "#1"},
				"south": {"uv": [0, 0, 1, 16], "rotation": 180, "texture": "#1"},
				"west": {"uv": [0, 0, 1, 16], "rotation": 180, "texture": "#1"},
				"up": {"uv": [0, 0, 1, 1], "rotation": 180, "texture": "#1"},
				"down": {"uv": [0, 0, 1, 1], "rotation": 180, "texture": "#1"}
			}
		},
		{
			"from": [-3, 0, -2],
			"to": [19, 1, -1],
			"rotation": {"angle": 45, "axis": "z", "origin": [8, 1, -11]},
			"faces": {
				"north": {"uv": [0, 0, 1, 16], "rotation": 90, "texture": "#1"},
				"east": {"uv": [0, 0, 1, 1], "rotation": 270, "texture": "#1"},
				"south": {"uv": [0, 0, 1, 16], "rotation": 270, "texture": "#1"},
				"west": {"uv": [0, 0, 1, 1], "rotation": 270, "texture": "#1"},
				"up": {"uv": [0, 0, 1, 16], "rotation": 270, "texture": "#1"},
				"down": {"uv": [0, 0, 1, 16], "rotation": 270, "texture": "#1"}
			}
		},
		{
			"from": [8, -10, -2],
			"to": [9, 12, -1],
			"rotation": {"angle": 0, "axis": "y", "origin": [8, 1, -11]},
			"faces": {
				"north": {"uv": [0, 0, 1, 16], "texture": "#1"},
				"east": {"uv": [0, 0, 1, 16], "texture": "#1"},
				"south": {"uv": [0, 0, 1, 16], "texture": "#1"},
				"west": {"uv": [0, 0, 1, 16], "texture": "#1"},
				"up": {"uv": [0, 0, 1, 1], "texture": "#1"},
				"down": {"uv": [0, 0, 1, 1], "texture": "#1"}
			}
		},
		{
			"from": [20, -7, -2],
			"to": [21, 1, -1],
			"rotation": {"angle": 22.5, "axis": "z", "origin": [0, -7, -19]},
			"faces": {
				"north": {"uv": [0, 0, 8, 1], "rotation": 270, "texture": "#2"},
				"east": {"uv": [0, 0, 8, 1], "rotation": 90, "texture": "#2"},
				"south": {"uv": [0, 0, 8, 1], "rotation": 90, "texture": "#2"},
				"west": {"uv": [0, 0, 8, 1], "rotation": 90, "texture": "#2"},
				"up": {"uv": [0, 0, 1, 1], "rotation": 90, "texture": "#2"},
				"down": {"uv": [0, 0, 1, 1], "rotation": 90, "texture": "#2"}
			}
		},
		{
			"from": [14, 0, -2],
			"to": [15, 8, -1],
			"rotation": {"angle": -22.5, "axis": "z", "origin": [0, -7, -19]},
			"faces": {
				"north": {"uv": [0, 0, 8, 1], "rotation": 90, "texture": "#2"},
				"east": {"uv": [0, 0, 8, 1], "rotation": 270, "texture": "#2"},
				"south": {"uv": [0, 0, 8, 1], "rotation": 270, "texture": "#2"},
				"west": {"uv": [0, 0, 8, 1], "rotation": 270, "texture": "#2"},
				"up": {"uv": [0, 0, 1, 1], "rotation": 270, "texture": "#2"},
				"down": {"uv": [0, 0, 1, 1], "rotation": 270, "texture": "#2"}
			}
		},
		{
			"from": [7, -13, -2],
			"to": [15, -12, -1],
			"rotation": {"angle": 22.5, "axis": "z", "origin": [0, -7, -19]},
			"faces": {
				"north": {"uv": [0, 0, 8, 1], "texture": "#2"},
				"east": {"uv": [0, 0, 1, 1], "texture": "#2"},
				"south": {"uv": [0, 0, 8, 1], "texture": "#2"},
				"west": {"uv": [0, 0, 1, 1], "texture": "#2"},
				"up": {"uv": [0, 0, 8, 1], "texture": "#2"},
				"down": {"uv": [0, 0, 8, 1], "texture": "#2"}
			}
		},
		{
			"from": [1, -7, -2],
			"to": [9, -6, -1],
			"rotation": {"angle": -22.5, "axis": "z", "origin": [0, -7, -19]},
			"faces": {
				"north": {"uv": [0, 0, 8, 1], "texture": "#2"},
				"east": {"uv": [0, 0, 1, 1], "texture": "#2"},
				"south": {"uv": [0, 0, 8, 1], "texture": "#2"},
				"west": {"uv": [0, 0, 1, 1], "texture": "#2"},
				"up": {"uv": [0, 0, 8, 1], "texture": "#2"},
				"down": {"uv": [0, 0, 8, 1], "texture": "#2"}
			}
		},
		{
			"from": [0, -7, -2],
			"to": [1, 1, -1],
			"rotation": {"angle": 22.5, "axis": "z", "origin": [0, -7, -19]},
			"faces": {
				"north": {"uv": [0, 0, 8, 1], "rotation": 270, "texture": "#2"},
				"east": {"uv": [0, 0, 8, 1], "rotation": 90, "texture": "#2"},
				"south": {"uv": [0, 0, 8, 1], "rotation": 90, "texture": "#2"},
				"west": {"uv": [0, 0, 8, 1], "rotation": 90, "texture": "#2"},
				"up": {"uv": [0, 0, 1, 1], "rotation": 90, "texture": "#2"},
				"down": {"uv": [0, 0, 1, 1], "rotation": 90, "texture": "#2"}
			}
		},
		{
			"from": [1, 13, -2],
			"to": [9, 14, -1],
			"rotation": {"angle": -22.5, "axis": "z", "origin": [0, -7, -19]},
			"faces": {
				"north": {"uv": [0, 0, 8, 1], "texture": "#2"},
				"east": {"uv": [0, 0, 1, 1], "texture": "#2"},
				"south": {"uv": [0, 0, 8, 1], "texture": "#2"},
				"west": {"uv": [0, 0, 1, 1], "texture": "#2"},
				"up": {"uv": [0, 0, 8, 1], "texture": "#2"},
				"down": {"uv": [0, 0, 8, 1], "texture": "#2"}
			}
		},
		{
			"from": [7, 7, -2],
			"to": [15, 8, -1],
			"rotation": {"angle": 22.5, "axis": "z", "origin": [0, -7, -19]},
			"faces": {
				"north": {"uv": [0, 0, 8, 1], "texture": "#2"},
				"east": {"uv": [0, 0, 1, 1], "texture": "#2"},
				"south": {"uv": [0, 0, 8, 1], "texture": "#2"},
				"west": {"uv": [0, 0, 1, 1], "texture": "#2"},
				"up": {"uv": [0, 0, 8, 1], "texture": "#2"},
				"down": {"uv": [0, 0, 8, 1], "texture": "#2"}
			}
		},
		{
			"from": [-6, 0, -2],
			"to": [-5, 8, -1],
			"rotation": {"angle": -22.5, "axis": "z", "origin": [0, -7, -19]},
			"faces": {
				"north": {"uv": [0, 0, 8, 1], "rotation": 90, "texture": "#2"},
				"east": {"uv": [0, 0, 8, 1], "rotation": 270, "texture": "#2"},
				"south": {"uv": [0, 0, 8, 1], "rotation": 270, "texture": "#2"},
				"west": {"uv": [0, 0, 8, 1], "rotation": 270, "texture": "#2"},
				"up": {"uv": [0, 0, 1, 1], "rotation": 270, "texture": "#2"},
				"down": {"uv": [0, 0, 1, 1], "rotation": 270, "texture": "#2"}
			}
		}
	],
	"display": {
		"thirdperson_righthand": {
			"rotation": [68.75, 90, 0],
			"translation": [0, 14.75, -0.5]
		},
		"firstperson_righthand": {
			"rotation": [0, 85.5, 0]
		},
		"firstperson_lefthand": {
			"rotation": [0, -97.25, 0],
			"translation": [0, 0, -1]
		},
		"ground": {
			"translation": [0, -2, 0]
		},
		"gui": {
			"translation": [0, 9, 0]
		},
		"head": {
			"rotation": [0, 90, 0],
			"translation": [0, -28, 0.75]
		},
		"fixed": {
			"translation": [0, 9, 0]
		}
	},
	"groups": [
		{
			"name": "whole",
			"origin": [8, 8, 8],
			"color": 0,
			"children": [
				{
					"name": "base",
					"origin": [8, 8, 8],
					"color": 0,
					"children": [0, 1, 2, 3, 4, 5, 6]
				},
				{
					"name": "cannon",
					"origin": [8, 8, 8],
					"color": 0,
					"children": [7, 8]
				},
				{
					"name": "while",
					"origin": [8, 8, 8],
					"color": 0,
					"children": [
						{
							"name": "while1",
							"origin": [7.5, 7.5, 7.5],
							"color": 0,
							"children": [9, 10, 11, 12,
								{
									"name": "group",
									"origin": [7.5, 7.5, 7.5],
									"color": 0,
									"children": [13, 14, 15, 16, 17, 18, 19, 20]
								}
							]
						},
						{
							"name": "while2",
							"origin": [7.5, 7.5, 7.5],
							"color": 0,
							"children": [21, 22, 23, 24,
								{
									"name": "group",
									"origin": [7.5, 7.5, 7.5],
									"color": 0,
									"children": [25, 26, 27, 28, 29, 30, 31, 32]
								}
							]
						}
					]
				}
			]
		}
	]
}